Date,Accident_Index_x,Location_Easting_OSGR,Location_Northing_OSGR,Longitude,Latitude,Police_Force,Accident_Severity,Number_of_Vehicles,Number_of_Casualties,Day_of_Week,Time,Local_Authority_(District),Local_Authority_(Highway),1st_Road_Class,1st_Road_Number,Road_Type,Speed_limit,Junction_Detail,Junction_Control,2nd_Road_Class,2nd_Road_Number,Pedestrian_Crossing-Human_Control,Pedestrian_Crossing-Physical_Facilities,Light_Conditions,Weather_Conditions,Road_Surface_Conditions,Special_Conditions_at_Site,Carriageway_Hazards,Urban_or_Rural_Area,Did_Police_Officer_Attend_Scene_of_Accident,LSOA_of_Accident_Location,Accident_Index_y,Vehicle_Reference,Casualty_Reference,Casualty_Class,Sex_of_Casualty,Age_of_Casualty,Age_Band_of_Casualty,Casualty_Severity,Pedestrian_Location,Pedestrian_Movement,Car_Passenger,Bus_or_Coach_Passenger,Pedestrian_Road_Maintenance_Worker,Casualty_Type,Casualty_Home_Area_Type,city
2015-01-25,201501KG70031,545390.0,183930.0,0.094854,51.535558,1,3,2,3,1,14:40,16,E09000002,3,123,6,30,3,4,6,0,0,0,1,1,1,0,0,1,1,E01000040,201201JC30534,1,1,1,1,-1,-1,3,0,0,0,0,0,9,-1,London
2015-01-25,201560S011884,332225.0,351147.0,-3.012584,53.053264,60,3,1,1,1,23:20,725,W06000006,3,483,3,70,5,2,3,541,0,0,6,1,1,0,0,1,1,W01000380,201242I098704,1,1,3,2,13,3,3,6,9,0,0,2,0,1,
2015-01-25,201501KG70104,545890.0,182790.0,0.101586,51.525185,1,3,2,2,1,09:00,16,E09000002,5,0,6,30,3,4,6,0,0,0,1,1,1,0,0,1,2,E01000092,201201JC30594,1,1,1,1,22,5,2,0,0,0,0,0,9,1,London
2015-01-25,201560S011731,246604.0,376680.0,-4.301394,53.264872,60,1,2,2,1,16:45,720,W06000001,4,5110,6,40,0,-1,-1,0,0,0,6,1,2,0,0,2,1,W01000014,201242I098604,1,1,1,1,20,4,3,0,0,0,0,0,9,-1,
2015-01-25,20154100T3012,504240.0,197100.0,-0.494278,51.663023,41,3,3,5,1,20:00,436,E10000015,1,25,3,70,0,-1,-1,0,0,0,4,1,2,0,0,1,1,E01023813,2012212003926,1,1,1,2,52,8,3,0,0,0,0,0,9,1,Three Rivers
2015-01-25,2015100037715,440101.0,556913.0,-1.376128,54.905334,10,3,2,2,1,11:59,150,E08000024,4,1294,6,30,3,4,6,5251,0,0,1,1,2,0,0,1,1,E01008703,201205AA01657,2,2,2,2,16,4,3,0,0,2,0,0,9,1,Sunderland
2015-01-25,201520S010275,404460.0,286020.0,-1.935771,52.472097,20,3,2,1,1,21:30,300,E08000025,3,456,3,30,0,-1,-1,0,0,5,4,9,1,0,0,1,2,E01008988,2012120084086,1,1,1,1,25,5,1,0,0,0,0,0,5,1,Birmingham
2015-01-25,201520G001285,396610.0,301280.0,-2.051495,52.609288,20,3,3,1,1,11:58,309,E08000031,3,4124,6,30,0,-1,-1,0,0,0,1,1,1,0,0,1,1,E01010556,201211ND18012,2,1,1,1,45,7,3,0,0,0,0,0,1,3,Wolverhampton
2015-01-25,201520M001505,432590.0,282880.0,-1.52197,52.44292,20,2,1,1,1,17:55,302,E08000026,6,0,6,30,3,4,6,0,0,8,4,1,1,0,0,1,1,E01009598,2012120008936,2,2,1,1,47,8,3,0,0,0,0,0,9,1,Coventry
2015-01-25,201560S011683,329912.0,361857.0,-3.049426,53.149221,60,2,3,2,1,14:19,724,W06000005,3,550,6,60,0,-1,-1,0,0,0,1,1,2,0,0,2,1,W01000326,201242I098503,1,1,1,1,10,2,3,0,0,0,0,0,1,1,
2015-01-25,201531D024315,459162.0,335983.0,-1.121565,52.918018,31,2,2,1,1,12:06,347,E10000024,3,606,6,30,6,2,6,0,0,5,1,1,1,0,0,1,1,E01028373,201214K073612,2,2,2,2,15,3,3,0,0,1,0,0,9,1,
2015-01-25,201543N158015,485905.0,193222.0,-0.760245,51.631261,43,3,1,1,1,17:00,480,E10000002,6,4809,6,30,0,-1,-1,0,0,0,4,1,1,0,0,1,1,E01017837,201222F202462,1,1,1,1,24,5,3,0,0,0,0,0,9,1,
2015-01-25,2015471500524,562326.0,104356.0,0.302926,50.816007,47,2,2,1,1,11:36,556,E10000011,6,0,6,40,0,-1,-1,0,0,0,1,1,1,0,0,2,1,E01021209,201234WN15192,2,1,2,2,23,5,3,0,0,1,0,0,9,1,Wealden
2015-01-25,2015350037915,545100.0,260920.0,0.123022,52.227371,35,3,3,1,1,18:48,390,E10000003,6,0,6,20,3,4,6,0,0,1,4,2,2,0,0,1,1,E01017954,201220G005052,2,2,2,2,19,4,3,0,0,2,0,0,9,1,Cambridge
2015-01-25,2015100038315,424378.0,577260.0,-1.619606,55.089182,10,3,2,1,1,12:10,139,E06000048,3,1068,1,60,1,4,3,1172,0,0,1,3,2,0,0,2,1,E01027412,201205AA01679,2,2,1,1,35,6,3,0,0,0,0,0,9,1,
2015-01-25,201501CP00009,532970.0,180950.0,-0.08523,51.511838,48,3,1,1,1,07:30,570,E09000001,5,0,6,30,3,2,3,10,0,5,1,1,1,0,0,1,1,E01032739,201197QB06103,1,1,2,1,16,4,3,0,0,0,4,0,11,1,City of London
2015-01-25,2015521501915,365178.0,176931.0,-2.502937,51.490246,52,3,3,2,1,18:45,612,E06000025,3,432,6,30,0,-1,-1,0,0,0,4,4,2,0,0,1,1,E01014899,2012400CA0627,2,1,2,1,32,6,3,0,0,0,0,0,19,-1,
2015-01-25,201520S012875,404240.0,280740.0,-1.939075,52.424631,20,3,3,1,1,12:10,300,E08000025,6,0,6,30,6,4,6,0,0,0,1,9,1,0,0,1,1,E01008950,2012120084977,1,1,2,2,7,2,3,0,0,1,0,0,9,2,Birmingham
2015-01-25,2015350023815,518970.0,299910.0,-0.245492,52.58399,35,3,3,1,1,14:55,394,E06000031,6,0,6,30,3,2,6,0,0,0,1,1,1,0,0,1,1,E01015601,201220G002572,2,1,2,1,12,3,3,0,0,1,0,0,9,1,Peterborough
2015-01-25,201560S011649,266684.0,340803.0,-3.985632,52.947999,60,2,2,2,1,13:25,722,W06000002,3,496,6,60,3,4,3,487,0,0,1,5,2,0,0,2,1,W01000114,201242I098304,2,1,1,1,18,4,3,0,0,0,0,0,3,1,
2015-01-25,201514K020415,438766.0,390667.0,-1.418276,53.411397,14,3,3,5,1,17:17,215,E08000019,6,0,6,30,3,4,3,6109,0,0,4,1,2,0,0,1,1,E01007854,2012070294217,2,2,1,1,33,6,3,0,0,0,0,0,9,1,Sheffield
2015-01-25,201501KD50058,556240.0,185050.0,0.251662,51.542724,1,3,2,2,1,17:15,15,E09000016,4,1421,6,30,0,-1,-1,0,0,0,4,1,1,0,0,1,1,E01002385,201201HT20158,2,1,1,1,29,6,3,0,0,0,0,0,1,1,London
2015-01-25,201543N138015,490031.0,190301.0,-0.701399,51.60436,43,1,4,4,1,19:16,480,E10000002,1,40,3,70,0,-1,-1,0,0,0,7,1,1,0,0,1,1,E01017868,201222F202109,1,1,1,1,62,9,3,0,0,0,0,0,9,2,
2015-01-25,201501VK30029,517810.0,163800.0,-0.309284,51.361061,1,3,2,2,1,21:00,23,E09000021,6,0,6,30,3,4,3,243,0,4,4,1,1,0,0,1,1,E01002949,201201RY10352,1,1,1,1,36,7,3,0,0,0,0,0,2,1,London
2015-01-25,201520S018575,406010.0,283350.0,-1.912999,52.448079,20,3,2,1,1,17:55,300,E08000025,3,441,6,30,6,4,6,0,0,0,4,1,1,0,0,1,1,E01009283,2012120088611,1,1,1,1,46,8,2,0,0,0,0,0,5,1,Birmingham
2015-01-25,201501RY10057,550540.0,175570.0,0.165488,51.459094,1,3,2,1,1,09:30,18,E09000004,5,0,6,30,0,-1,-1,0,0,0,1,1,1,0,0,1,2,E01000328,201201PY20322,1,1,2,2,83,11,3,0,0,1,0,0,9,-1,London
2015-01-25,201501QA10043,513890.0,189100.0,-0.357414,51.589252,1,3,1,1,1,17:55,29,E09000015,5,0,6,30,3,4,6,0,0,0,4,1,2,0,0,1,1,E01002163,201201MM70259,1,1,1,1,-1,-1,3,0,0,0,0,0,19,1,London
2015-01-25,201520H000935,407780.0,298430.0,-1.886609,52.583624,20,3,2,1,1,10:05,307,E08000030,3,452,6,30,6,2,4,4151,0,0,1,1,1,0,0,1,2,E01010386,201211NF28372,1,1,1,2,34,6,2,0,0,0,0,0,9,1,
2015-01-25,2015160A00301,527263.0,410414.0,-0.079473,53.574894,16,3,2,2,1,04:13,233,E06000012,3,180,3,30,1,4,3,180,0,0,4,1,2,4,0,1,1,E01013221,2012100021912,1,3,2,1,33,6,3,0,0,1,0,0,9,1,
2015-01-25,201522E500387,350620.0,242120.0,-2.7219,52.075229,22,3,2,1,1,07:33,285,E06000019,3,49,6,30,1,4,3,4103,0,0,4,1,2,0,0,1,1,E01014084,2012130325201,1,1,3,1,19,4,3,5,3,0,0,0,0,1,
2015-01-25,201501RY10037,551550.0,176740.0,0.180515,51.469337,1,3,2,2,1,23:25,18,E09000004,3,206,3,40,0,-1,-1,0,0,0,4,1,2,0,0,1,1,E01000367,201201PY20305,1,1,1,1,7,2,3,0,0,0,0,0,1,1,London
2015-01-25,201550EL2S003,250867.0,60140.0,-4.100734,50.422135,50,3,2,1,1,17:48,583,E06000026,6,0,6,30,0,-1,-1,0,0,0,4,1,2,0,0,1,1,E01015090,2012370044612,1,1,1,1,22,5,3,0,0,0,0,0,9,1,Plymouth
2015-01-25,2015160B00151,492076.0,420207.0,-0.60779,53.670238,16,2,2,1,1,12:49,232,E06000013,3,1077,6,60,3,4,6,0,0,0,1,1,1,0,0,2,1,E01013288,2012100091112,1,1,1,2,53,8,3,0,0,0,0,0,9,3,
2015-01-25,201501KD50062,550870.0,188530.0,0.175777,51.575452,1,3,2,1,1,12:48,15,E09000016,3,118,6,30,0,-1,-1,0,0,0,1,1,1,0,0,1,1,E01002247,201201HT20162,1,1,3,1,21,5,3,4,1,0,0,2,0,-1,London
2015-01-25,201506N096774,377470.0,413850.0,-2.342085,53.6207,6,3,2,2,1,22:10,101,E08000002,5,0,6,30,3,4,6,0,0,0,4,1,2,0,0,1,1,E01005049,201204CL12007,1,1,1,1,88,11,3,0,0,0,0,0,9,1,Bury
2015-01-26,201501LX50070,530730.0,176860.0,-0.119004,51.475605,1,3,2,1,2,06:50,9,E09000022,3,3,6,30,3,4,6,0,0,0,1,1,2,0,0,1,2,E01003186,201201JI40363,1,1,3,2,53,8,3,5,1,0,0,2,0,1,London
2015-01-26,20151321R0405,429188.0,431919.0,-1.558514,53.782784,13,3,2,3,2,12:05,204,E08000035,6,0,6,30,3,4,6,0,0,0,1,1,2,0,0,1,2,E01011368,201206G060854,3,2,1,2,52,8,3,0,0,0,0,0,9,1,Leeds
2015-01-26,201543R214015,487430.0,180108.0,-0.741477,51.513143,43,2,1,1,2,08:45,474,E06000040,6,7408,6,30,3,4,6,7408,0,0,1,1,2,0,0,1,1,E01016594,2012236532112,1,2,2,2,27,6,3,0,0,1,0,0,9,2,
2015-01-26,201520M004525,433690.0,282090.0,-1.505867,52.435752,20,3,2,1,2,19:20,302,E08000026,4,4118,1,30,1,4,6,0,0,0,4,1,2,0,0,1,1,E01009587,2012120014096,1,1,1,1,42,7,3,0,0,0,0,0,9,1,Coventry
2015-01-26,201501GD10054,533470.0,183750.0,-0.076969,51.536882,1,3,2,1,2,07:40,4,E09000012,3,10,6,30,0,-1,-1,0,0,1,1,1,1,0,0,1,2,E01001754,201201CW11692,1,1,3,2,43,7,3,1,2,0,0,2,0,1,London
2015-01-26,2015215000585,391486.0,332785.0,-2.127992,52.892446,21,2,2,1,2,17:18,255,E10000028,4,5027,6,30,3,4,6,587,0,0,4,1,1,0,0,1,1,E01029741,2012130180777,1,1,1,1,34,6,3,0,0,0,0,0,9,1,
2015-01-26,2015215000583,388674.0,349355.0,-2.170374,53.041344,21,3,2,3,2,16:40,257,E06000021,3,5272,6,30,3,4,6,0,0,0,4,1,1,0,0,1,1,E01014270,2012130180568,1,1,3,1,45,7,2,5,9,0,0,0,0,1,Stoke-on-Trent
2015-01-26,2015320006253,506572.0,346357.0,-0.413285,53.003934,32,3,2,1,2,11:30,353,E10000019,4,1518,6,30,3,4,6,0,0,0,1,1,1,0,0,1,2,E01026235,201214K234212,1,1,3,1,4,1,3,1,3,0,0,0,0,1,North Kesteven
2015-01-26,2015300015615,447800.0,368300.0,-1.285742,53.209623,30,3,2,3,2,15:40,321,E10000007,5,41,6,60,6,4,5,106,0,0,1,2,2,0,0,2,1,E01019504,201214A045812,1,1,1,1,17,4,3,0,0,0,0,0,9,1,Bolsover
2015-01-26,201550KA2B003,329115.0,97040.0,-3.006551,50.768597,50,3,1,1,2,22:10,580,E10000008,3,358,6,40,0,-1,-1,0,0,0,6,1,2,0,0,2,1,E01019889,2012370357912,2,1,1,1,36,7,3,0,0,0,0,0,9,1,East Devon
2015-01-26,2015160C00531,524451.0,431405.0,-0.11351,53.764137,16,3,2,2,2,14:15,231,E06000011,6,0,6,60,0,-1,-1,0,0,0,1,1,2,0,0,2,1,E01013028,2012100177212,1,1,3,1,73,10,1,1,1,0,0,0,0,1,
2015-01-26,2015320005328,545509.0,376054.0,0.180034,53.261535,32,3,1,1,2,13:10,351,E10000019,3,1104,6,30,0,-1,-1,0,0,4,1,1,1,0,0,2,2,E01026042,201214K229512,2,1,1,2,19,4,3,0,0,0,0,0,9,1,East Lindsey
2015-01-26,2015215000592,403680.0,339800.0,-1.94667,52.955563,21,3,1,1,2,04:25,256,E10000028,5,9,6,60,0,-1,-1,0,0,0,6,1,2,0,0,2,1,E01029788,2012130181060,2,2,2,2,50,8,3,0,0,1,0,0,9,1,Staffordshire Moorlands
2015-01-26,2015215000600,385233.0,340902.0,-2.221305,52.965274,21,3,4,3,2,22:26,255,E10000028,1,6,3,70,0,-1,-1,0,0,0,6,2,2,0,0,2,2,E01029748,2012130181060,2,3,2,2,18,4,3,0,0,2,0,0,9,1,Stafford
2015-01-26,2015320006004,528530.0,399566.0,-0.064798,53.477136,32,3,2,1,2,10:55,351,E10000019,5,617,6,60,0,-1,-1,0,0,0,1,1,4,0,0,2,2,E01026080,201214K232612,2,1,1,1,52,8,3,0,0,0,0,0,1,1,East Lindsey
2015-01-26,201504WB15018,341730.0,462370.0,-2.891574,54.053976,4,3,2,1,2,21:20,76,E10000017,3,589,6,30,7,2,4,5273,0,5,4,1,1,0,0,1,1,E01025114,201201YR90685,2,2,1,1,41,7,3,0,0,0,0,0,8,1,Lancaster
2015-01-26,201523N035115,439555.0,271906.0,-1.4208,52.34381,23,2,2,2,2,17:15,292,E10000031,3,423,6,60,0,-1,-1,0,0,0,6,1,2,0,0,2,1,E01031150,2012130440509,2,1,1,2,28,6,3,0,0,0,0,0,9,1,
2015-01-26,20151321R0166,415947.0,435118.0,-1.759296,53.812107,13,3,2,1,2,06:50,200,E08000032,3,6037,6,40,0,-1,-1,0,0,0,4,1,1,0,0,1,1,E01010824,201206G060852,2,1,1,1,27,6,3,0,0,0,0,0,9,1,Bradford
2015-01-26,201520N005895,413650.0,293610.0,-1.800172,52.540179,20,3,1,1,2,07:58,300,E08000025,4,4148,6,30,0,-1,-1,0,0,4,1,1,2,0,0,1,1,E01009440,2012120055785,2,2,2,1,32,6,3,0,0,1,0,0,9,1,Birmingham
2015-01-26,2015360087336,623601.0,306499.0,1.301125,52.610214,36,3,3,1,2,12:55,404,E10000020,3,146,6,30,6,2,5,818,0,0,1,1,1,0,0,1,2,E01026819,201220K007822,2,1,1,2,47,8,3,0,0,0,0,0,9,1,Norwich
2015-01-26,201501TD00024,532390.0,164420.0,-0.099758,51.363425,1,1,1,1,2,13:26,20,E09000008,4,275,6,30,0,-1,-1,0,0,0,1,1,1,0,0,1,1,E01001170,201201QK50518,2,1,1,1,26,6,3,0,0,0,0,0,1,-1,London
2015-01-26,201504SA15052,357120.0,425000.0,-2.651266,53.719637,4,2,2,1,2,16:10,83,E10000017,6,0,6,30,9,4,6,0,0,0,1,1,2,0,0,1,1,E01025401,201201XH30821,1,1,1,2,54,8,3,0,0,0,0,0,9,1,South Ribble
2015-01-26,201501TD00025,504780.0,175780.0,-0.492823,51.471294,1,1,2,1,2,19:00,26,E09000017,3,3044,3,50,0,-1,-1,0,0,0,1,1,2,0,0,2,1,E01002444,201201QK50520,1,1,1,1,17,4,3,0,0,0,0,0,1,1,London
2015-01-26,201550KE5Q001,300638.0,89057.0,-3.408103,50.692647,50,3,2,2,2,13:45,580,E10000008,6,0,6,30,0,-1,-1,0,0,0,1,1,1,0,0,2,2,E01019945,2012370396712,2,2,1,1,37,7,3,0,0,0,0,0,9,1,East Devon
2015-01-26,20151321Q1131,415758.0,430458.0,-1.762403,53.77023,13,3,3,1,2,16:58,200,E08000032,3,641,3,40,3,4,6,0,0,0,4,1,2,0,0,1,1,E01010745,201206G060601,1,1,1,1,26,6,3,0,0,0,0,0,3,1,Bradford
2015-01-26,20151321Q1157,423286.0,424080.0,-1.64867,53.712624,13,3,2,1,2,17:00,203,E08000034,4,6123,6,30,0,-1,-1,0,0,0,4,1,1,0,0,1,2,E01011033,201206G060601,2,2,1,2,48,8,3,0,0,0,0,0,9,1,Kirklees
2015-01-26,201537EA87464,591667.0,263129.0,0.805293,52.232986,37,2,2,2,2,17:54,414,E10000029,3,14,6,60,6,4,5,694,0,0,6,1,1,0,0,2,1,E01030138,201220N039182,1,1,1,1,19,4,3,0,0,0,0,0,9,1,West Suffolk
2015-01-26,20151321Q1239,425863.0,428018.0,-1.609299,53.747898,13,3,4,2,2,17:54,204,E08000035,6,0,6,30,0,-1,-1,0,0,0,4,1,1,0,0,1,1,E01011530,201206G060652,2,1,1,1,16,4,3,0,0,0,0,0,1,1,Leeds
2015-01-26,2015160B00181,491451.0,416051.0,-0.618468,53.633004,16,3,1,1,2,15:48,232,E06000013,3,1077,6,60,0,-1,-1,0,0,0,1,1,2,0,0,2,1,E01013274,2012100091512,1,1,3,1,56,9,2,5,4,0,0,0,0,1,
2015-01-26,20151321Q1322,439027.0,414133.0,-1.411435,53.622288,13,3,1,1,2,18:35,206,E08000036,4,6428,6,30,0,-1,-1,0,0,0,4,1,2,0,0,2,1,E01011786,201206G060665,2,2,1,1,33,6,3,0,0,0,0,0,9,1,Wakefield
2015-01-26,201520S007135,401530.0,282610.0,-1.978919,52.441456,20,2,1,1,2,19:42,300,E08000025,4,4121,3,40,0,-1,-1,0,0,4,4,1,1,0,0,1,1,E01009502,2012120082338,2,2,1,1,66,10,3,0,0,0,0,0,9,1,Birmingham
2015-01-26,201543N185015,491666.0,189910.0,-0.677899,51.600582,43,2,2,1,2,08:10,480,E10000002,3,40,6,50,0,-1,-1,0,0,0,1,1,2,0,0,2,1,E01017934,201222F203071,3,3,2,2,46,8,3,0,0,1,0,0,9,1,
2015-01-26,20151321Q1415,409053.0,426203.0,-1.864253,53.732144,13,3,1,1,2,15:00,202,E08000033,3,647,6,30,0,-1,-1,0,0,0,1,1,1,0,0,1,1,E01032923,201206G060677,2,1,1,1,13,3,3,0,0,0,0,0,1,-1,Calderdale
2015-01-26,201522C500426,370930.0,267790.0,-2.427787,52.307449,22,3,2,1,2,10:30,273,E10000034,3,443,6,60,0,-1,-1,0,0,0,1,1,1,0,0,2,1,E01032193,2012130254578,1,1,1,2,25,5,3,0,0,0,0,0,9,1,Malvern Hills
2015-01-26,2015521500880,363877.0,166582.0,-2.520615,51.397114,52,3,2,2,2,21:15,611,E06000022,6,0,9,60,3,4,6,0,0,0,6,1,1,0,0,2,1,E01014392,2012400CA0173,1,1,3,2,72,10,2,5,1,0,0,0,0,1,
2015-01-26,201520S010015,404360.0,282740.0,-1.937284,52.44261,20,2,2,1,2,07:45,300,E08000025,4,384,6,30,0,-1,-1,0,0,0,1,1,1,0,0,1,2,E01009284,2012120083783,2,2,1,1,60,9,2,0,0,0,0,0,90,3,Birmingham
2015-01-26,20151321Q1516,429398.0,421496.0,-1.556314,53.689093,13,3,2,1,2,20:20,206,E08000036,1,1,3,50,0,-1,-1,0,0,0,6,2,2,0,0,2,1,E01011825,201206G060786,1,1,1,1,43,7,3,0,0,0,0,0,9,1,Wakefield
2015-01-26,201501CW10128,530190.0,179280.0,-0.125883,51.497477,1,3,2,1,2,08:45,1,E09000033,3,3212,6,30,3,4,6,0,0,1,1,1,2,0,0,1,2,E01004733,201197UA00503,1,1,2,1,14,3,2,0,0,0,3,0,11,1,City of Westminster
2015-01-26,201522C500468,385180.0,254130.0,-2.218183,52.185215,22,3,2,1,2,09:10,276,E10000034,3,38,6,30,3,4,6,0,0,0,1,1,1,0,0,1,1,E01032295,2012130255329,2,1,1,1,52,8,3,0,0,0,0,0,9,1,Worcester
2015-01-26,2015100037815,439214.0,556808.0,-1.389975,54.90446,10,3,3,3,2,11:45,150,E08000024,3,183,7,30,5,4,3,1231,0,5,1,1,1,0,0,1,1,E01008705,201205AA01657,2,3,2,2,16,4,3,0,0,2,0,0,9,-1,Sunderland
2015-01-26,201537EA87459,615888.0,244839.0,1.147819,52.059845,37,3,2,1,2,17:15,412,E10000029,3,1156,1,30,1,4,3,1156,0,0,4,1,1,0,0,1,1,E01030025,201220N039022,1,1,2,1,65,9,3,0,0,1,0,0,8,1,
2015-01-26,2015215000603,386662.0,350682.0,-2.200437,53.053225,21,3,2,2,2,19:15,257,E06000021,3,50,6,30,8,4,6,0,0,0,4,1,2,0,0,1,1,E01014244,2012130181318,2,2,1,1,38,7,2,0,0,0,0,0,5,1,Stoke-on-Trent
2015-01-26,2015300011925,405200.0,398610.0,-1.923107,53.484183,30,3,2,2,2,19:20,325,E10000007,3,628,6,60,0,-1,-1,0,0,0,6,1,1,0,0,2,1,E01019763,2012130499131,1,1,3,2,22,5,3,5,2,0,0,0,0,1,High Peak
2015-01-26,2015215000607,411263.0,330603.0,-1.834112,52.872785,21,2,2,2,2,08:36,251,E10000028,4,5017,6,40,0,-1,-1,0,0,0,1,1,2,4,0,2,1,E01029425,2012130181417,2,1,1,2,36,7,3,0,0,0,0,0,9,1,East Staffordshire
2015-01-26,201537EA87320,614785.0,246125.0,1.132564,52.071818,37,3,2,1,2,08:20,412,E10000029,3,1156,6,30,3,4,6,0,0,0,1,2,2,0,0,1,1,E01030029,201220N034382,2,2,2,1,20,4,3,0,0,1,0,0,9,-1,
2015-01-26,201504EF15032,379540.0,418840.0,-2.311121,53.665636,4,3,2,1,2,07:15,82,E10000017,3,56,3,70,0,-1,-1,0,0,0,1,1,1,0,0,2,1,E01025357,201201XH30205,1,1,1,1,44,7,3,0,0,0,0,0,1,1,Rossendale
2015-01-26,2015521501104,366547.0,159618.0,-2.481581,51.334663,52,3,1,1,2,15:34,611,E06000022,6,0,6,40,0,-1,-1,0,0,0,1,1,1,0,0,2,1,E01014460,2012400CA0251,2,1,1,1,48,8,3,0,0,0,0,0,9,1,
2015-01-26,2015360087545,623577.0,309766.0,1.30298,52.639544,36,3,3,1,2,17:35,404,E10000020,5,815,6,30,6,4,6,0,0,0,4,1,1,0,0,1,1,E01026841,201220K008762,1,1,3,1,12,3,3,5,1,0,0,0,0,1,Norwich
2015-01-26,201501KG70171,549920.0,185790.0,0.160911,51.551086,1,3,2,1,2,14:30,16,E09000002,3,1112,6,30,3,4,6,0,0,0,1,1,1,0,0,1,1,E01000035,201201JC30638,2,1,1,1,26,6,3,0,0,0,0,0,3,1,London
2015-01-26,201542I026401,550574.0,238663.0,0.193263,52.025949,42,3,3,1,2,07:10,463,E10000012,1,11,3,70,0,-1,-1,0,0,0,1,1,1,0,0,2,1,E01022071,2012212005635,2,2,1,1,26,6,3,0,0,0,0,0,9,1,Uttlesford
2015-01-26,2015300011939,435610.0,337280.0,-1.471676,52.931749,30,2,1,1,2,16:23,323,E06000015,5,16,6,30,3,4,6,0,0,0,4,1,1,0,0,1,1,E01013525,2012130499774,2,1,1,2,32,6,3,0,0,0,0,0,9,1,Derby
2015-01-26,201501YE80088,529380.0,192440.0,-0.132708,51.615926,1,3,1,1,2,18:45,32,E09000010,3,1110,6,30,8,4,6,0,0,1,7,9,1,0,0,1,2,E01001534,201201TB01261,1,1,3,1,74,10,2,5,1,0,0,2,0,-1,London
2015-01-26,201501WW50105,527280.0,177110.0,-0.168563,51.478637,1,3,1,1,2,07:15,10,E09000032,5,0,6,30,3,4,6,0,0,0,1,1,1,0,0,1,1,E01004583,201201SX20746,1,2,2,1,26,6,3,0,0,1,0,0,9,-1,London
2015-01-26,2015075023386,367263.0,384369.0,-2.493304,53.355182,7,3,2,2,2,07:20,129,E06000049,1,56,7,70,5,4,1,6,0,0,1,1,1,0,0,2,1,E01018598,201204DL12099,2,1,1,1,35,6,3,0,0,0,0,0,1,1,
2015-01-26,201501JI40062,544180.0,190950.0,0.080298,51.598945,1,3,1,1,2,09:10,14,E09000026,6,0,6,30,0,-1,-1,0,0,0,1,1,1,0,0,1,1,E01003698,201201GD10313,2,2,1,1,-1,-1,3,0,0,0,0,0,8,1,London
2015-01-26,201504EF15030,383580.0,422740.0,-2.250188,53.700833,4,3,3,1,2,11:40,82,E10000017,4,6238,6,30,3,4,6,0,0,0,1,1,1,0,0,1,1,E01025374,201201XH30203,1,1,2,1,19,4,3,0,0,1,0,0,9,-1,Rossendale
2015-01-26,2015320004543,498544.0,370125.0,-0.525588,53.21905,32,2,2,1,2,10:09,352,E10000019,4,1190,6,40,3,4,6,0,0,0,1,1,1,0,0,2,1,E01026178,201214K223812,3,3,1,1,61,9,3,0,0,0,0,0,9,3,Lincoln
2015-01-26,2015160C00841,502193.0,441099.0,-0.447807,53.85607,16,3,2,2,2,15:20,231,E06000011,3,164,1,30,1,4,3,1035,0,0,1,1,1,0,0,2,2,E01013068,2012100183912,2,1,1,1,47,8,2,0,0,0,0,0,1,1,
2015-01-26,2015320004487,506811.0,345358.0,-0.410055,52.99491,32,3,1,1,2,08:10,353,E10000019,5,321,6,30,9,4,4,1517,0,0,1,1,2,0,0,1,1,E01026231,201214K223812,2,2,1,2,61,9,3,0,0,0,0,0,9,1,North Kesteven
2015-01-26,201523N035117,449718.0,268092.0,-1.272193,52.308699,23,2,1,2,2,21:05,292,E10000031,6,0,6,60,0,-1,-1,0,0,0,6,1,1,0,0,2,1,E01031166,2012130441017,1,1,1,1,40,7,3,0,0,0,0,0,9,1,
2015-01-26,201542I032801,563005.0,191101.0,0.351934,51.595174,42,3,2,1,2,17:00,452,E10000012,3,128,6,30,3,4,6,0,0,0,1,1,1,0,0,2,1,E01021445,2012212005758,2,1,1,1,57,9,3,0,0,0,0,0,9,2,Brentwood
2015-01-26,201542I029401,616883.0,215219.0,1.143661,51.793552,42,3,1,1,2,14:15,461,E10000012,6,0,6,30,0,-1,-1,0,0,0,1,1,1,0,0,1,2,E01021968,2012212005699,1,1,1,2,26,6,3,0,0,0,0,0,9,1,
2015-01-26,201523N035107,441507.0,273314.0,-1.391975,52.356324,23,3,2,1,2,07:30,292,E10000031,4,4455,6,50,1,4,3,45,0,8,1,2,2,0,0,2,1,E01031153,2012130440506,1,1,1,1,28,6,3,0,0,0,0,0,9,1,