Date,Accident_Index_x,Location_Easting_OSGR,Location_Northing_OSGR,Longitude,Latitude,Police_Force,Accident_Severity,Number_of_Vehicles,Number_of_Casualties,Day_of_Week,Time,Local_Authority_(District),Local_Authority_(Highway),1st_Road_Class,1st_Road_Number,Road_Type,Speed_limit,Junction_Detail,Junction_Control,2nd_Road_Class,2nd_Road_Number,Pedestrian_Crossing-Human_Control,Pedestrian_Crossing-Physical_Facilities,Light_Conditions,Weather_Conditions,Road_Surface_Conditions,Special_Conditions_at_Site,Carriageway_Hazards,Urban_or_Rural_Area,Did_Police_Officer_Attend_Scene_of_Accident,LSOA_of_Accident_Location,Accident_Index_y,Vehicle_Reference,Casualty_Reference,Casualty_Class,Sex_of_Casualty,Age_of_Casualty,Age_Band_of_Casualty,Casualty_Severity,Pedestrian_Location,Pedestrian_Movement,Car_Passenger,Bus_or_Coach_Passenger,Pedestrian_Road_Maintenance_Worker,Casualty_Type,Casualty_Home_Area_Type,city
2015-01-26,201542I032701,556457.0,197767.0,0.260456,51.656918,42,3,1,1,2,20:20,452,E10000012,6,0,6,60,0,-1,-1,0,0,0,6,1,2,0,0,2,1,E01021443,2012212005755,2,1,1,1,21,5,3,0,0,0,0,0,3,1,Brentwood
2015-01-26,2015521501112,367168.0,167900.0,-2.473435,51.409165,52,2,2,1,2,17:27,611,E06000022,3,4,6,40,0,-1,-1,0,0,0,4,1,2,0,0,1,1,E01014398,2012400CA0252,3,2,1,1,21,5,3,0,0,0,0,0,9,1,
2015-01-26,201514A012015,457688.0,403724.0,-1.131254,53.527021,14,3,2,2,2,09:15,211,E08000017,3,630,3,40,3,2,6,0,0,5,1,1,2,0,0,1,1,E01007655,2012070099095,2,1,1,1,49,8,3,0,0,0,0,0,19,1,Doncaster
2015-01-26,2015075023595,342268.0,367183.0,-2.865665,53.198575,7,3,1,1,2,11:15,130,E06000050,6,0,1,30,2,4,6,0,0,0,1,1,2,0,0,1,1,E01018345,201204DL12100,1,1,3,2,46,8,3,1,1,0,0,0,0,1,Chester
2015-01-26,2015360087460,601097.0,291556.0,0.960208,52.484849,36,3,2,1,2,10:30,400,E10000020,5,138,6,60,3,4,3,11,0,0,1,1,1,0,0,2,1,E01026435,201220K008262,2,2,2,2,22,5,3,0,0,1,0,0,9,1,Breckland
2015-01-26,201522C500502,386210.0,252730.0,-2.20306,52.172655,22,3,2,1,2,08:00,276,E10000034,6,0,6,30,0,-1,-1,0,0,4,1,1,1,0,0,1,2,E01032324,2012130256011,2,2,2,1,10,2,3,0,0,1,0,0,9,1,Worcester
2015-01-26,2015320004930,500555.0,373365.0,-0.49446,53.247787,32,3,1,1,2,13:12,356,E10000019,3,158,1,40,1,4,3,158,0,0,1,1,2,0,0,2,1,E01026394,201214K225712,1,3,2,1,26,6,3,0,0,1,0,0,8,1,West Lindsey
2015-01-26,2015160A00211,526059.0,410058.0,-0.097789,53.571987,16,3,2,1,2,16:38,233,E06000012,6,0,6,30,6,2,6,0,0,5,4,1,2,0,0,1,1,E01013218,2012100020612,2,2,2,2,19,4,3,0,0,1,0,0,9,-1,
2015-01-26,201501MM70070,532100.0,179040.0,-0.098474,51.494877,1,3,1,1,2,00:35,8,E09000028,3,201,6,30,3,4,6,0,0,0,4,1,1,0,0,1,1,E01032720,201201KF60089,1,1,1,2,36,7,3,0,0,0,0,0,9,1,London
2015-01-26,2015360087551,619748.0,292839.0,1.235279,52.48918,36,3,2,1,2,07:55,406,E10000020,3,140,6,30,0,-1,-1,0,0,0,1,8,2,0,0,2,1,E01026938,201220K008772,2,2,2,1,8,2,3,0,0,2,0,0,9,1,South Norfolk
2015-01-26,201531A010215,446637.0,357301.0,-1.304753,53.110865,31,3,2,1,2,20:16,340,E10000024,3,38,3,60,0,-1,-1,0,0,0,4,1,1,0,0,1,1,E01027957,201214A162512,1,1,3,2,15,3,3,1,1,0,0,0,0,1,Ashfield
2015-01-26,2015320004881,556770.0,365161.0,0.343365,53.160497,32,3,2,3,2,17:30,351,E10000019,3,52,6,30,3,2,6,0,0,4,4,9,-1,0,0,1,2,E01026116,201214K225412,1,1,3,1,11,3,3,5,1,0,0,0,0,1,East Lindsey
2015-01-26,201514A022415,454814.0,399154.0,-1.1754,53.486255,14,3,2,2,2,14:30,211,E08000017,5,7,6,60,3,4,6,0,0,0,1,1,1,0,0,2,1,E01007545,2012070102746,2,1,1,2,29,6,3,0,0,0,0,0,9,1,Doncaster
2015-01-26,201504SA15040,353890.0,431760.0,-2.70122,53.780115,4,2,1,1,2,09:20,79,E10000017,6,0,6,30,2,4,6,0,0,1,1,1,2,0,0,1,1,E01025243,201201XH30808,1,1,1,2,48,8,3,0,0,0,0,0,9,1,Preston
2015-01-26,201501JI40057,541740.0,188240.0,0.044,51.575213,1,3,2,1,2,20:40,14,E09000026,3,406,1,30,1,4,3,12,0,0,4,1,1,0,0,1,1,E01003697,201201GD10311,1,1,2,1,64,9,3,0,0,0,3,0,11,1,London
2015-01-26,2015075024551,357603.0,381425.0,-2.638033,53.328032,7,3,2,1,2,07:15,124,E06000006,1,56,3,70,5,4,1,56,0,0,1,1,1,0,0,2,2,E01012385,201204DL12106,1,1,1,1,91,11,2,0,0,0,0,0,9,1,
2015-01-26,201531A011215,453646.0,361351.0,-1.199382,53.146609,31,3,2,1,2,08:40,344,E10000024,6,0,2,30,3,2,6,0,0,5,1,1,2,0,0,1,1,E01028284,201214A163512,1,1,1,2,22,5,3,0,0,0,0,0,9,2,Mansfield
2015-01-26,201501KF60041,542250.0,183460.0,0.049423,51.532134,1,2,1,1,2,18:43,17,E09000025,3,124,6,30,3,4,6,0,0,4,4,1,1,0,0,1,1,E01003525,201201HT20735,1,1,1,2,25,5,3,0,0,0,0,0,9,1,London
2015-01-26,201531A012315,453911.0,360684.0,-1.195532,53.140587,31,3,2,1,2,12:00,344,E10000024,3,60,6,30,6,4,6,0,0,8,1,1,1,0,0,1,1,E01028270,201214A163912,1,1,1,1,24,5,3,0,0,0,0,0,19,2,Mansfield
2015-01-26,201501VW40024,527540.0,168560.0,-0.167898,51.40174,1,3,2,2,2,13:55,22,E09000024,3,217,6,30,8,4,6,0,0,0,1,2,2,0,0,1,1,E01003374,201201SX20216,1,1,1,1,80,11,3,0,0,0,0,0,9,1,London
2015-01-26,201501MM70042,533890.0,176740.0,-0.073576,51.473788,1,3,2,1,2,04:20,8,E09000028,3,202,6,30,3,4,6,0,0,0,4,2,2,0,0,1,1,E01004066,201201KF60071,1,1,1,2,33,6,3,0,0,0,0,0,9,1,London
2015-01-26,2015075024105,352082.0,385727.0,-2.721574,53.366226,7,3,2,1,2,19:21,124,E06000006,3,557,3,60,0,-1,-1,0,0,5,4,1,1,0,0,1,1,E01012367,201204DL12103,2,1,1,1,67,10,3,0,0,0,0,0,9,2,
2015-01-26,2015075023965,370294.0,356000.0,-2.445114,53.100365,7,3,2,1,2,16:59,129,E06000049,3,532,6,30,3,4,6,0,0,0,4,1,1,0,0,1,1,E01018462,201204DL12102,2,1,2,2,83,11,3,0,0,1,0,0,9,1,
2015-01-26,201520S009835,402310.0,278790.0,-1.967469,52.407112,20,3,1,2,2,00:25,300,E08000025,6,0,6,30,3,2,6,0,0,0,4,8,2,0,0,1,1,E01009209,2012120083768,1,1,1,2,38,7,3,0,0,0,0,0,9,3,Birmingham
2015-01-26,2015075023613,360603.0,388950.0,-2.593932,53.395901,7,3,1,1,2,11:30,128,E06000007,3,49,3,30,6,2,3,49,0,5,1,1,1,0,0,1,2,E01033300,201204DL12101,1,1,1,1,73,10,2,0,0,0,0,0,9,1,
2015-01-26,2015360087453,620920.0,309323.0,1.263484,52.636656,36,2,2,1,2,07:20,404,E10000020,3,1074,6,30,3,4,6,0,0,0,4,2,2,0,0,1,1,E01026866,201220K008262,2,1,1,1,24,5,3,0,0,0,0,0,9,1,Norwich
2015-01-26,2015300011921,421840.0,331650.0,-1.676904,52.881873,30,3,2,2,2,18:30,328,E10000007,3,50,3,70,0,-1,-1,0,0,0,6,1,1,0,0,2,1,E01019866,2012130498687,1,2,3,1,11,3,2,5,2,0,0,0,0,1,South Derbyshire
2015-01-26,201511SJ01445,428351.0,518259.0,-1.56312,54.55878,11,3,2,1,2,16:30,161,E06000005,5,400,6,60,3,4,5,400,0,0,1,1,1,0,0,2,2,E01032546,201205FF01759,1,1,1,1,23,5,3,0,0,0,0,0,9,1,
2015-01-26,201501RG40049,540770.0,178140.0,0.025978,51.4847,1,3,2,1,2,10:44,6,E09000011,6,0,6,30,3,4,6,0,0,0,1,1,1,0,0,1,1,E01001592,201201PL60549,1,1,1,1,21,5,3,0,0,0,0,0,9,-1,London
2015-01-26,20151321Q1024,416476.0,432643.0,-1.751394,53.789846,13,3,2,1,2,09:15,200,E08000032,3,647,3,30,0,-1,-1,0,0,0,1,1,1,0,0,1,1,E01033690,201206G060567,1,1,3,1,55,8,1,1,1,0,0,0,0,1,Bradford
2015-01-26,2015360087992,623355.0,310933.0,1.300494,52.650109,36,3,1,1,2,07:30,404,E10000020,4,1150,1,30,1,4,5,808,0,0,4,1,1,0,0,1,2,E01026843,201220K010562,1,1,3,2,30,6,3,5,2,0,0,0,0,1,Norwich
2015-01-26,201520W009065,406700.0,286230.0,-1.90279,52.473962,20,3,2,1,2,20:09,300,E08000025,4,4127,6,30,3,4,6,0,0,0,4,2,2,0,0,1,1,E01033616,2012120174502,1,1,1,1,48,8,3,0,0,0,0,0,21,2,Birmingham
2015-01-26,2015331500143,442923.0,292182.0,-1.368767,52.525828,33,3,2,1,2,08:45,361,E10000018,4,4109,6,30,2,4,6,7328,0,8,1,1,1,0,0,1,2,E01025835,2012160C00741,2,3,2,1,63,9,3,0,0,2,0,0,9,3,Hinckley and Bosworth
2015-01-26,20154100D0036,505336.0,207589.0,-0.475271,51.757094,41,3,2,1,2,08:30,431,E10000015,3,4146,1,30,1,4,4,487,0,0,1,2,2,0,0,1,1,E01023400,2012212001429,2,2,2,2,14,3,3,0,0,2,0,0,9,1,Dacorum
2015-01-26,2015100049015,420742.0,558804.0,-1.677901,54.923501,10,3,1,1,2,08:25,146,E08000020,6,4051,6,30,3,4,6,4051,0,0,1,1,2,0,0,1,1,E01008274,201205AA02044,2,1,2,2,15,3,3,0,0,0,4,0,11,1,Gateshead
2015-01-26,2015460252428,577645.0,169335.0,0.55213,51.395238,46,3,2,1,2,06:25,544,E06000035,3,289,3,40,3,2,6,0,0,5,4,1,1,0,0,1,1,E01016036,201232N204312,4,1,1,1,47,8,3,0,0,0,0,0,1,1,
2015-01-26,201520J001405,391940.0,293550.0,-2.120268,52.539747,20,2,1,1,2,16:30,303,E08000027,3,459,6,30,5,4,3,457,0,0,4,8,2,0,0,1,1,E01009773,201211NI22722,1,1,1,2,24,5,3,0,0,0,0,0,9,2,
2015-01-26,201531C012815,457228.0,340573.0,-1.149517,52.959483,31,3,2,1,2,08:25,346,E06000018,3,60,6,30,7,4,6,0,0,5,1,1,1,0,0,1,2,E01013961,201214C040512,1,1,1,1,39,7,3,0,0,0,0,0,9,1,City of Nottingham
2015-01-26,201531C011715,453442.0,345643.0,-1.205035,53.005443,31,3,1,1,2,15:40,346,E06000018,6,0,6,30,3,4,6,0,0,0,1,9,1,0,0,1,2,E01013880,201214C039812,1,1,1,1,23,5,3,0,0,0,0,0,9,1,City of Nottingham
2015-01-26,2015460252410,562910.0,158390.0,0.335516,51.301325,46,3,3,1,2,13:49,542,E10000016,3,20,1,70,1,4,6,0,0,0,1,1,1,0,0,2,1,E01024786,201232N202712,2,1,1,2,71,10,3,0,0,0,0,0,9,3,Tonbridge and Malling
2015-01-26,2015331500147,458143.0,307080.0,-1.141844,52.658335,33,3,2,1,2,07:00,364,E06000016,6,1202,6,30,8,4,6,6,0,1,4,2,2,0,0,1,1,E01013604,2012160C00771,1,1,1,1,40,7,2,0,0,0,0,0,5,1,Leicester
2015-01-26,20154100C0105,511280.0,198188.0,-0.392188,51.671453,41,3,3,2,2,12:24,437,E10000015,6,20,6,30,3,4,6,520,0,0,1,1,1,0,0,1,1,E01023895,2012212000769,2,2,1,1,45,7,3,0,0,0,0,0,9,1,Watford
2015-01-26,201520W005945,408670.0,289460.0,-1.873705,52.502972,20,3,2,1,2,09:05,300,E08000025,3,5127,3,30,3,4,6,0,0,0,1,8,2,0,0,1,1,E01008901,2012120172190,1,1,3,2,63,9,2,10,1,0,0,0,0,1,Birmingham
2015-01-26,2015331500141,454588.0,300964.0,-1.195404,52.603728,33,3,3,2,2,10:11,360,E10000018,1,1,7,70,5,4,1,1,0,0,1,1,2,0,0,1,1,E01025669,2012160C00741,2,1,2,2,45,7,3,0,0,1,0,0,9,1,
2015-01-26,201520S008085,404700.0,285670.0,-1.932242,52.468948,20,3,2,1,2,13:43,300,E08000025,4,4124,6,30,6,4,4,4284,0,0,1,1,1,0,0,1,1,E01008990,2012120082966,2,2,2,2,33,6,3,0,0,1,0,0,9,1,Birmingham
2015-01-26,2015331500177,461641.0,307414.0,-1.090074,52.660951,33,3,3,1,2,09:51,364,E06000016,5,1314,6,30,0,-1,-1,0,0,1,1,1,2,0,0,1,1,E01013733,2012160C00981,2,2,1,1,53,8,3,0,0,0,0,0,9,3,Leicester
2015-01-26,201520W005495,405290.0,289340.0,-1.9235,52.501936,20,3,1,1,2,08:25,300,E08000025,6,0,2,30,0,-1,-1,0,0,0,1,9,1,0,0,1,2,E01009355,2012120172062,2,1,1,1,36,7,3,0,0,0,0,0,1,1,Birmingham
2015-01-26,201504SA15096,355410.0,429830.0,-2.677875,53.762902,4,3,1,1,2,14:30,79,E10000017,3,59,6,30,6,2,6,0,0,0,1,1,1,0,0,1,1,E01025295,201201XH39004,1,1,1,1,36,7,3,0,0,0,0,0,9,1,Preston
2015-01-26,201522D500370,384210.0,277140.0,-2.233457,52.392051,22,3,3,3,2,17:56,278,E10000034,3,449,6,30,6,2,3,456,0,0,1,1,1,0,0,1,1,E01032447,2012130296541,1,1,3,2,14,3,3,10,1,0,0,0,0,-1,Wyre Forest
2015-01-26,2015160D02041,506730.0,427442.0,-0.383584,53.732459,16,3,2,1,2,17:30,228,E06000010,6,0,6,30,3,4,6,0,0,0,4,1,1,0,0,1,2,E01012888,2012100328012,2,1,1,2,20,4,3,0,0,0,0,0,9,1,Hull
2015-01-26,201522D500388,407890.0,266110.0,-1.885738,52.293066,22,3,2,1,2,19:30,274,E10000034,6,0,6,40,3,4,6,0,0,0,4,1,1,0,0,1,1,E01032267,2012130296817,2,1,1,2,31,6,3,0,0,0,0,0,9,-1,
2015-01-26,201504SB15023,350830.0,410710.0,-2.744308,53.59065,4,3,2,1,2,08:25,84,E10000017,3,5209,6,60,0,-1,-1,0,0,0,1,1,1,0,0,2,1,E01025510,201201YE80484,1,1,1,2,29,6,3,0,0,0,0,0,9,-1,West Lancashire
2015-01-26,201534WS01935,481851.0,258788.0,-0.803232,52.221229,34,3,2,2,2,12:30,385,E10000021,3,428,6,30,3,4,5,24,0,0,1,1,1,0,0,2,1,E01027273,2012170S12572,2,1,1,1,-1,-1,3,0,0,0,0,0,1,1,
2015-01-26,201522D500391,407670.0,274190.0,-1.888782,52.36571,22,3,3,3,2,08:25,270,E10000034,3,435,3,70,0,-1,-1,0,0,0,1,1,2,0,0,2,1,E01032178,2012130296854,2,1,1,1,50,8,3,0,0,0,0,0,9,1,
2015-01-26,201520W017475,403170.0,289840.0,-1.954726,52.506447,20,2,2,1,2,20:01,300,E08000025,6,0,6,30,0,-1,-1,0,0,0,4,8,2,0,0,1,1,E01009349,2012120183113,2,1,1,2,52,8,3,0,0,0,0,0,9,3,Birmingham
2015-01-26,2015160D00601,509387.0,429023.0,-0.342767,53.746113,16,3,1,1,2,14:53,228,E06000010,6,0,6,30,0,-1,-1,0,0,4,1,1,1,0,0,1,1,E01033104,2012100305212,2,1,1,1,49,8,3,0,0,0,0,0,9,1,Hull
2015-01-26,20151321Q0219,450942.0,413665.0,-1.231387,53.617061,13,3,2,1,2,07:20,206,E08000036,3,639,6,30,3,4,3,6201,0,0,4,1,2,0,0,2,1,E01011856,201206G060261,2,2,2,1,12,3,3,0,0,2,4,0,11,1,Wakefield
2015-01-26,201531B016415,470075.0,380170.0,-0.949657,53.313838,31,3,3,1,2,07:30,341,E10000024,6,0,6,30,8,4,6,0,0,0,1,1,2,0,0,1,1,E01028021,201214B058212,2,1,1,1,45,7,3,0,0,0,0,0,90,1,Bassetlaw
2015-01-26,201534WN01995,477465.0,260763.0,-0.866971,52.239615,34,3,2,1,2,11:45,384,E10000021,6,8005,6,40,3,4,5,38,0,0,1,1,1,0,0,1,3,E01027135,2012170M12132,2,1,1,1,6,2,3,0,0,0,0,0,1,1,
2015-01-26,2015100044015,430933.0,567921.0,-1.517921,55.0049,10,3,2,1,2,10:15,148,E08000022,3,1058,7,60,5,4,5,217,0,0,1,1,2,4,0,1,1,E01008576,201205AA01828,2,1,1,1,13,3,3,0,0,0,0,0,1,1,North Tyneside
2015-01-26,2015300011918,437960.0,369770.0,-1.432894,53.223628,30,3,2,1,2,17:22,322,E10000007,5,327,6,30,0,-1,-1,0,0,0,4,1,1,0,0,1,2,E01019575,2012130498650,2,3,2,2,61,9,3,0,0,1,0,0,9,1,Chesterfield
2015-01-26,2015460252497,553850.0,173640.0,0.212256,51.440864,46,3,2,1,2,07:20,532,E10000016,5,361,1,30,1,4,6,0,0,0,4,9,2,0,0,1,1,E01024165,201232N211812,1,1,1,1,55,8,3,0,0,0,0,0,3,1,Dartford
2015-01-26,2015540877215,410715.0,131007.0,-1.848422,51.078288,54,3,2,2,2,17:40,635,E06000054,3,3094,6,60,3,4,6,0,0,0,6,1,1,0,0,2,1,E01032040,20124100D0722,2,2,1,2,30,6,3,0,0,0,0,0,9,1,
2015-01-26,201511ND01535,434079.0,536262.0,-1.472463,54.720208,11,3,2,1,2,15:40,169,E06000047,6,0,6,30,0,-1,-1,0,0,0,1,1,1,0,0,2,1,E01020700,201205EE04037,2,2,2,2,22,5,3,0,0,1,0,0,9,-1,
2015-01-26,201523S010091,431683.0,266071.0,-1.536895,52.291863,23,3,2,1,2,21:20,294,E10000031,6,0,6,30,3,4,6,0,0,0,4,1,1,0,0,1,1,E01033256,2012130455341,1,1,1,1,50,8,3,0,0,0,0,0,9,1,
2015-01-26,2015460252680,575870.0,137650.0,0.511082,51.111159,46,3,1,1,2,21:20,543,E10000016,3,262,6,50,0,-1,-1,0,0,0,7,1,1,0,0,2,1,E01024787,201232N232712,1,1,1,1,49,8,3,0,0,0,0,0,9,1,Tunbridge Wells
2015-01-26,2015460252653,574910.0,130710.0,0.494025,51.049107,46,3,1,1,2,10:29,543,E10000016,6,1221,6,30,0,-1,-1,0,0,0,1,1,1,0,0,2,1,E01024810,201232N231912,1,2,3,2,48,8,3,10,9,0,0,0,0,1,Tunbridge Wells
2015-01-26,201501PY20055,545530.0,167920.0,0.090287,51.391664,1,2,1,1,2,00:05,19,E09000006,3,208,6,30,0,-1,-1,0,0,0,4,1,2,0,0,1,1,E01000815,201201LX50500,2,1,1,1,13,3,3,0,0,0,0,0,1,1,London
2015-01-26,2015460252640,585800.0,160840.0,0.664785,51.316327,46,3,2,1,2,15:31,536,E10000016,6,2641,6,60,0,-1,-1,0,0,0,1,1,2,0,0,2,1,E01024387,201232N231112,2,1,1,1,54,8,3,0,0,0,0,0,9,-1,Swale
2015-01-26,201523S010090,431759.0,266084.0,-1.53578,52.291976,23,3,2,1,2,19:00,294,E10000031,4,4087,6,30,6,2,4,4099,0,5,4,1,1,0,0,1,1,E01033253,2012130455296,1,1,3,1,10,2,3,5,9,0,0,0,0,-1,
2015-01-26,201501PY20048,534460.0,169240.0,-0.06822,51.406255,1,3,2,1,2,21:21,19,E09000006,6,0,6,30,0,-1,-1,0,0,0,4,1,1,0,0,1,2,E01000744,201201LX50496,1,1,1,1,24,5,2,0,0,0,0,0,9,-1,London
2015-01-26,2015300011883,445880.0,343470.0,-1.318026,52.986611,30,3,2,1,2,07:05,324,E10000007,3,6007,6,40,3,2,6,0,0,4,4,1,2,4,0,1,2,E01019638,2012130498538,1,3,2,1,22,5,3,0,0,1,0,0,9,1,Erewash
2015-01-26,2015540833515,392722.0,172055.0,-2.106118,51.447434,54,3,1,1,2,15:30,635,E06000054,6,0,6,30,0,-1,-1,0,0,0,1,1,1,0,0,1,2,E01031921,20124100D0707,1,1,1,2,22,5,3,0,0,0,0,0,9,-1,
2015-01-26,2015540828715,386749.0,143503.0,-2.190996,51.190594,54,3,2,1,2,15:52,635,E06000054,3,350,6,60,1,4,3,36,0,0,1,1,1,0,0,2,1,E01032110,20124100D0706,2,1,1,1,17,4,2,0,0,0,0,0,3,1,
2015-01-26,2015331500125,447534.0,327110.0,-1.295778,52.839413,33,3,3,1,2,06:36,366,E10000018,1,1,3,70,5,4,1,1,0,0,4,1,2,0,0,2,1,E01025944,2012160C00601,2,2,2,1,19,4,3,0,0,1,0,0,9,1,North West Leicestershire
2015-01-26,2015331500131,455062.0,308969.0,-1.187074,52.675635,33,3,2,1,2,15:30,362,E10000018,6,4217,6,30,3,4,6,4215,0,0,1,1,2,0,0,2,1,E01025670,2012160C00671,1,1,1,2,19,4,3,0,0,0,0,0,9,1,Charnwood
2015-01-26,2015460252562,594360.0,172530.0,0.793851,51.418457,46,3,3,2,2,15:24,540,E10000016,6,4024,6,30,0,-1,-1,0,0,0,1,1,1,0,0,1,1,E01032653,201232N220012,2,2,2,1,6,2,3,0,0,1,0,0,9,1,Swale
2015-01-26,2015300011897,429030.0,329860.0,-1.570224,52.865444,30,3,2,1,2,10:45,328,E10000007,3,50,1,40,1,4,3,50,0,0,1,1,1,0,0,2,2,E01019841,2012130498550,1,1,1,2,55,8,3,0,0,0,0,0,9,1,South Derbyshire
2015-01-26,2015540823915,396958.0,166348.0,-2.045112,51.396159,54,3,2,1,2,12:45,635,E06000054,3,3102,6,60,3,4,3,342,0,0,1,4,1,0,0,2,2,E01031845,20124100D0694,1,1,2,1,19,4,3,0,0,2,0,0,10,-1,
2015-01-26,201501WW50081,528330.0,172140.0,-0.155253,51.433736,1,3,2,1,2,14:30,10,E09000032,3,214,6,30,3,4,6,0,0,0,1,1,1,0,0,1,1,E01004482,201201SX20730,1,1,1,1,54,8,3,0,0,0,0,0,9,1,London
2015-01-26,2015300011902,445580.0,375070.0,-1.318014,53.270668,30,2,4,13,2,15:25,322,E10000007,4,6419,6,50,0,-1,-1,0,0,0,1,1,1,0,0,2,1,E01019564,2012130498599,2,1,1,1,31,6,3,0,0,0,0,0,5,1,Chesterfield
2015-01-26,201531C026615,452682.0,342120.0,-1.216933,52.973853,31,3,3,1,2,20:09,346,E06000018,4,6004,6,30,0,-1,-1,0,0,1,4,1,2,0,0,1,1,E01013817,201214C047812,1,1,3,2,50,8,3,9,9,0,0,0,0,1,City of Nottingham
2015-01-26,2015540817915,389912.0,182504.0,-2.146854,51.541342,54,3,1,1,2,11:42,635,E06000054,5,1,6,60,3,4,5,33,0,0,1,1,2,7,0,2,1,E01031958,20124100D0693,1,1,1,1,47,8,3,0,0,0,0,0,9,1,
2015-01-26,2015300011903,406790.0,373880.0,-1.899669,53.261878,30,2,1,1,2,20:05,325,E10000007,6,0,2,20,3,4,6,0,0,0,4,2,2,0,0,1,1,E01019710,2012130498611,1,1,2,2,65,9,3,0,0,0,3,0,11,1,
2015-01-26,2015100048815,419443.0,564141.0,-1.697809,54.971511,10,3,2,3,2,07:43,147,E08000021,3,1,3,70,0,-1,-1,0,0,0,1,1,1,0,0,2,1,E01008387,201205AA02005,2,1,1,2,52,8,3,0,0,0,0,0,9,1,Gateshead
2015-01-26,2015460252504,639060.0,167960.0,1.432518,51.360371,46,3,1,1,2,14:20,541,E10000016,3,255,6,30,3,4,6,0,0,0,1,1,1,0,0,1,1,E01024693,201232N213712,2,3,2,1,61,9,3,0,0,1,0,0,9,-1,Thanet
2015-01-26,2015540805415,417597.0,142231.0,-1.749639,51.179045,54,2,2,1,2,04:22,635,E06000054,3,303,3,70,0,-1,-1,0,0,0,6,1,2,0,0,2,1,E01031977,20124100D0692,2,1,1,1,25,5,3,0,0,0,0,0,9,1,
2015-01-26,2015540802415,410856.0,162743.0,-1.845459,51.363651,54,3,2,1,2,00:02,635,E06000054,5,38,6,60,0,-1,-1,0,0,0,6,1,2,0,0,2,1,E01031871,20124100D0692,1,2,1,1,50,8,2,0,0,0,0,0,5,1,
2015-01-26,201531C018015,455112.0,338457.0,-1.181372,52.940685,31,3,2,1,2,16:19,346,E06000018,3,6005,6,30,1,4,3,52,0,4,1,1,1,0,0,1,1,E01013928,201214C044212,1,1,1,1,37,7,3,0,0,0,0,0,9,1,City of Nottingham
2015-01-26,2015460252500,566050.0,173070.0,0.387368,51.432302,46,3,1,1,2,13:52,535,E10000016,4,261,6,30,3,2,6,0,0,5,1,1,1,0,0,1,1,E01024311,201232N213412,2,1,1,2,21,5,3,0,0,0,0,0,9,1,Gravesham
2015-01-26,2015300011894,445250.0,364640.0,-1.324438,53.176949,30,2,2,1,2,15:20,321,E10000007,1,1,3,70,0,-1,-1,0,0,0,1,1,1,4,0,2,1,E01019520,2012130498538,2,2,1,1,64,9,3,0,0,0,0,0,9,2,Bolsover
2015-01-26,20151321Q1067,432910.0,422252.0,-1.503055,53.695679,13,3,1,1,2,16:25,206,E08000036,6,0,6,30,0,-1,-1,0,0,0,1,1,1,7,0,1,1,E01011887,201206G060572,2,1,1,1,30,6,3,0,0,0,0,0,1,1,Wakefield
2015-01-26,201531B010615,453249.0,372946.0,-1.203387,53.250865,31,3,2,1,2,22:30,341,E10000024,3,616,6,60,0,-1,-1,0,0,0,6,1,1,0,0,2,2,E01028041,201214B055512,2,3,2,2,25,5,3,0,0,1,0,0,9,1,Bassetlaw
2015-01-26,201511NI02195,420173.0,544832.0,-1.687749,54.797968,11,3,2,1,2,10:45,169,E06000047,5,62,6,30,3,4,6,0,0,0,1,1,1,0,0,2,1,E01020660,201205EE05871,1,1,3,2,23,5,2,5,1,0,0,0,0,-1,
2015-01-26,20151321Q0865,415878.0,416793.0,-1.761278,53.647405,13,3,2,2,2,15:00,203,E08000034,6,0,6,30,6,4,6,0,0,0,1,1,1,0,0,1,1,E01011096,201206G060384,2,3,2,1,81,11,3,0,0,2,0,0,9,1,Kirklees
2015-01-26,20151321Q0897,422654.0,410654.0,-1.659219,53.591979,13,3,1,1,2,15:15,203,E08000034,4,6116,6,30,0,-1,-1,0,0,0,1,1,2,0,0,2,1,E01011109,201206G060527,1,1,1,1,23,5,3,0,0,0,0,0,3,1,Kirklees
2015-01-26,2015520501070,354853.0,145667.0,-2.647664,51.208415,52,3,1,1,2,12:00,606,E10000027,6,0,6,20,0,-1,-1,0,0,0,1,1,1,0,0,1,1,E01029078,2012370468912,1,1,3,2,12,3,3,5,1,0,0,0,0,1,Mendip
2015-01-26,20151321Q0972,414280.0,433681.0,-1.784679,53.79924,13,3,2,1,2,15:53,200,E08000032,3,6177,6,30,6,2,4,6145,0,5,4,1,1,0,0,1,1,E01010813,201206G060541,1,1,3,1,57,9,2,5,9,0,0,0,0,1,Bradford