Date,Accident_Index_x,Location_Easting_OSGR,Location_Northing_OSGR,Longitude,Latitude,Police_Force,Accident_Severity,Number_of_Vehicles,Number_of_Casualties,Day_of_Week,Time,Local_Authority_(District),Local_Authority_(Highway),1st_Road_Class,1st_Road_Number,Road_Type,Speed_limit,Junction_Detail,Junction_Control,2nd_Road_Class,2nd_Road_Number,Pedestrian_Crossing-Human_Control,Pedestrian_Crossing-Physical_Facilities,Light_Conditions,Weather_Conditions,Road_Surface_Conditions,Special_Conditions_at_Site,Carriageway_Hazards,Urban_or_Rural_Area,Did_Police_Officer_Attend_Scene_of_Accident,LSOA_of_Accident_Location,Accident_Index_y,Vehicle_Reference,Casualty_Reference,Casualty_Class,Sex_of_Casualty,Age_of_Casualty,Age_Band_of_Casualty,Casualty_Severity,Pedestrian_Location,Pedestrian_Movement,Car_Passenger,Bus_or_Coach_Passenger,Pedestrian_Road_Maintenance_Worker,Casualty_Type,Casualty_Home_Area_Type,city
2015-01-26,2015555997757,408245.0,96487.0,-1.884451,50.767913,55,3,2,1,2,07:25,640,E06000028,3,341,1,30,1,4,3,347,0,0,4,1,1,0,0,2,1,E01015301,201242I040002,2,1,1,2,18,4,3,0,0,0,0,0,9,1,
2015-01-26,201550KO2I001,308685.0,97506.0,-3.296304,50.769927,50,3,1,1,2,09:57,580,E10000008,3,30,3,70,0,-1,-1,0,0,0,1,1,1,0,0,2,1,E01019962,2012370417712,2,1,1,2,48,8,2,0,0,0,0,0,9,2,East Devon
2015-01-26,2015610004415,314855.0,193696.0,-3.231685,51.635603,61,3,2,2,2,15:07,731,W06000018,3,469,3,40,3,2,6,0,0,0,1,1,1,0,0,2,1,W01001369,201242I200807,2,3,2,2,17,4,3,0,0,2,0,0,9,3,
2015-01-26,2015555997768,409056.0,93249.0,-1.873029,50.738783,55,3,2,1,2,20:55,640,E06000028,3,3049,6,30,6,4,6,0,0,0,4,1,1,0,0,1,1,E01015376,201242I040202,2,2,1,1,40,7,3,0,0,0,0,0,9,1,
2015-01-26,201501CW10072,527120.0,181620.0,-0.169242,51.519204,1,3,1,1,2,14:24,1,E09000033,3,5,6,30,6,2,3,4205,0,5,1,1,1,0,0,1,1,E01033594,201197QD02311,1,1,3,2,20,4,3,5,3,0,0,0,0,1,City of Westminster
2015-01-26,2015555997780,401017.0,92868.0,-1.986954,50.735425,55,2,2,1,2,20:00,643,E06000029,6,0,6,30,3,4,6,0,0,0,4,1,1,0,0,1,2,E01015450,201242I040402,1,1,1,1,62,9,2,0,0,0,0,0,4,2,
2015-01-26,2015440029129,468773.0,105833.0,-1.024481,50.847939,44,3,1,1,2,16:40,498,E06000044,3,2030,6,30,3,4,6,0,0,0,4,1,1,0,0,1,2,E01032604,201230D000218,1,2,2,1,39,7,3,0,0,1,0,0,9,1,Portsmouth
2015-01-26,201501FH10055,522290.0,180630.0,-0.239163,51.511372,1,3,3,1,2,08:50,11,E09000013,6,0,6,30,0,-1,-1,0,0,0,1,1,2,0,0,1,1,E01001955,201201CW11014,1,2,2,2,25,5,3,0,0,2,0,0,8,1,London
2015-01-26,2015440028882,446989.0,132019.0,-1.33051,51.085571,44,3,2,1,2,14:40,502,E10000014,4,3420,3,50,0,-1,-1,0,0,0,1,1,1,0,0,2,2,E01023274,201230D000218,1,1,1,1,29,6,3,0,0,0,0,0,9,1,Winchester
2015-01-26,20151321Q0493,405993.0,424246.0,-1.910673,53.714598,13,3,3,1,2,11:12,202,E08000033,6,0,6,30,3,4,3,646,0,1,1,1,1,0,0,1,1,E01010980,201206G060384,2,2,1,2,70,10,3,0,0,0,0,0,9,1,Calderdale
2015-01-26,2015440028805,464006.0,99939.0,-1.093211,50.79549,44,3,2,1,2,07:40,498,E06000044,3,2030,3,30,3,4,6,0,0,0,7,1,1,0,0,1,2,E01017132,201230D000217,2,1,1,1,19,4,3,0,0,0,0,0,1,-1,Portsmouth
2015-01-26,2015440028607,467991.0,109211.0,-1.03496,50.878403,44,3,1,1,2,11:27,495,E10000014,3,3,3,40,0,-1,-1,0,0,4,1,1,1,0,0,1,1,E01022973,201230D000215,1,2,3,2,12,3,3,5,3,0,0,0,0,1,
2015-01-26,201520L000715,418830.0,286090.0,-1.724221,52.472422,20,3,2,2,2,07:55,306,E08000029,6,0,6,30,3,4,6,0,0,4,1,1,1,0,0,1,1,E01010128,201211SK32172,2,1,1,2,74,10,3,0,0,0,0,0,9,1,
2015-01-26,2015555997871,412485.0,92001.0,-1.824478,50.727497,55,3,2,1,2,08:57,640,E06000028,6,0,6,30,6,4,6,0,0,0,1,1,1,0,0,1,2,E01015275,201242I042602,1,2,2,1,-1,-1,3,0,0,1,0,0,9,1,
2015-01-26,2015440028563,464873.0,102224.0,-1.080508,50.815939,44,2,2,1,2,11:03,498,E06000044,6,0,6,30,0,-1,-1,0,0,0,1,1,1,0,0,1,1,E01017108,201230D000215,1,1,3,2,13,3,3,5,3,0,0,0,0,1,Portsmouth
2015-01-26,201501PY20067,539980.0,171040.0,0.011802,51.421095,1,3,1,1,2,19:10,19,E09000006,6,0,6,30,0,-1,-1,0,0,0,4,1,1,0,0,1,1,E01032562,201201LX50510,2,1,1,1,30,6,3,0,0,0,0,0,1,1,London
2015-01-26,201501TD00014,551670.0,184470.0,0.185563,51.538759,1,1,1,1,2,22:28,15,E09000016,3,125,6,30,0,-1,-1,0,0,8,4,1,1,0,0,1,1,E01002260,201201QK50507,2,2,2,2,50,8,3,0,0,1,0,0,9,1,London
2015-01-26,2015440028278,471170.0,138430.0,-0.98406,51.140724,44,2,1,1,2,07:00,497,E10000014,3,339,1,30,2,4,6,0,0,0,4,1,2,0,0,1,1,E01022573,201230D000214,1,1,1,1,21,5,3,0,0,0,0,0,5,1,East Hampshire
2015-01-26,201501RG40055,544410.0,178940.0,0.078692,51.490971,1,3,2,2,2,18:00,6,E09000011,3,206,6,30,0,-1,-1,0,0,0,4,1,1,0,0,1,2,E01001629,201201PL60552,1,2,2,1,24,5,3,0,0,1,0,0,9,1,London
2015-01-26,201537EA87491,613108.0,245027.0,1.107448,52.062608,37,3,4,1,2,07:57,410,E10000029,3,14,3,70,0,-1,-1,0,0,0,1,1,2,0,0,2,1,E01029878,201220N039212,1,1,3,1,51,8,3,10,9,0,0,0,0,1,Babergh
2015-01-26,201520G004465,391950.0,297140.0,-2.120209,52.57202,20,2,2,1,2,07:35,309,E08000031,3,4123,6,30,3,4,6,0,0,0,4,1,2,0,0,1,1,E01010453,201211ND26052,1,1,1,1,51,8,3,0,0,0,0,0,5,3,Wolverhampton
2015-01-26,201537EA87472,565309.0,247486.0,0.412103,52.101012,37,3,1,1,2,15:44,414,E10000029,5,669,6,60,0,-1,-1,0,0,0,1,1,2,7,0,2,1,E01030151,201220N039182,1,4,2,1,21,5,3,0,0,1,0,0,9,1,West Suffolk
2015-01-26,2015160D00281,508989.0,430019.0,-0.348448,53.755145,16,3,3,2,2,17:21,228,E06000010,3,1079,6,30,3,2,6,0,0,5,4,1,1,0,0,1,1,E01012857,2012100299512,2,1,1,1,52,8,3,0,0,0,0,0,9,1,Hull
2015-01-26,201537EA87466,585223.0,265401.0,0.71229,52.255593,37,3,2,1,2,17:15,414,E10000029,3,14,3,70,0,-1,-1,0,0,0,6,1,2,0,0,1,2,E01030137,201220N039182,1,3,2,1,20,4,3,0,0,2,0,0,9,1,West Suffolk
2015-01-26,201501CW10071,527070.0,180290.0,-0.170442,51.507263,1,3,2,1,2,19:30,1,E09000033,6,0,6,20,8,4,6,0,0,0,4,1,1,0,0,1,1,E01004689,201197QD02304,1,1,3,1,79,11,3,1,4,0,0,0,0,-1,City of Westminster
2015-01-26,20151321Q0276,421555.0,435968.0,-1.67407,53.819546,13,3,2,1,2,08:20,204,E08000035,3,6120,6,60,3,4,4,6156,0,0,1,1,2,0,0,2,1,E01011593,201206G060261,2,3,2,2,20,4,3,0,0,2,4,0,11,1,Leeds
2015-01-26,2015440029135,475468.0,123469.0,-0.925753,51.005667,44,3,1,1,2,16:00,497,E10000014,6,0,6,30,3,4,6,0,0,0,1,1,1,0,0,1,1,E01022624,201230D000218,1,3,2,1,23,5,3,0,0,2,0,0,9,1,East Hampshire
2015-01-26,201501MM70142,534660.0,179160.0,-0.061574,51.495352,1,3,2,1,2,06:40,8,E09000028,6,0,6,30,6,4,6,0,0,0,4,1,2,0,0,1,1,E01004024,201201KF60132,1,1,3,2,16,4,3,4,2,0,0,2,0,1,London
2015-01-26,201514K033415,439752.0,390860.0,-1.403419,53.413058,14,3,2,1,2,20:10,215,E08000019,3,6178,3,30,0,-1,-1,0,0,0,4,1,2,0,0,1,1,E01007913,2012070298965,2,1,1,2,46,8,3,0,0,0,0,0,9,1,Sheffield
2015-01-26,201531D010515,458796.0,350822.0,-1.124316,53.051433,31,3,1,4,2,06:58,343,E10000024,3,614,6,50,0,-1,-1,0,0,0,6,1,1,0,0,2,1,E01028152,201214K068512,2,4,2,1,43,7,3,0,0,2,0,0,9,1,Gedling
2015-01-26,201511NI01485,411467.0,556522.0,-1.822704,54.903291,11,3,2,2,2,13:35,169,E06000047,3,694,6,30,0,-1,-1,0,0,0,1,1,2,0,0,2,1,E01020655,201205EE05864,1,1,3,2,23,5,3,1,4,0,0,0,0,1,Newcastle upon Tyne
2015-01-26,201520T600725,414030.0,289910.0,-1.794724,52.506907,20,3,2,1,2,06:40,300,E08000025,3,452,1,30,1,4,1,6,0,0,1,8,2,4,0,2,2,E01009080,2012120170527,3,1,1,2,51,8,3,0,0,0,0,0,9,2,Birmingham
2015-01-26,2015521500959,362856.0,175532.0,-2.536232,51.477519,52,2,1,1,2,16:55,601,E06000023,3,432,6,30,0,-1,-1,0,0,0,7,1,1,0,0,1,2,E01014588,2012400CA0205,1,1,3,2,12,3,2,5,1,0,0,0,0,-1,Bristol
2015-01-26,20154100G0073,518470.0,229270.0,-0.277647,51.949317,41,3,2,1,2,17:00,433,E10000015,6,342,6,30,0,-1,-1,0,0,5,4,1,1,0,0,1,1,E01023616,2012212002565,2,3,2,2,63,9,3,0,0,0,4,0,11,1,North Hertfordshire
2015-01-26,20151321Q0357,442431.0,419990.0,-1.359177,53.674664,13,2,1,1,2,09:37,206,E08000036,3,645,6,30,6,2,6,0,0,5,1,1,1,0,0,1,1,E01011783,201206G060340,2,1,1,1,34,6,3,0,0,0,0,0,9,1,Wakefield
2015-01-26,201506L096701,359380.0,405580.0,-2.614479,53.545277,6,3,2,2,2,16:10,114,E08000010,3,577,6,30,7,2,3,577,0,0,5,1,2,0,0,1,1,E01006307,201204CA12223,1,1,3,1,43,7,3,10,1,0,0,0,0,1,
2015-01-26,201501CW10073,528500.0,181770.0,-0.149309,51.52024,1,3,2,1,2,18:10,1,E09000033,5,0,2,30,6,2,5,0,0,5,4,1,1,0,0,1,1,E01004713,201197QD02312,1,1,1,1,63,9,3,0,0,0,0,0,8,1,City of Westminster
2015-01-26,2015350008115,516980.0,294090.0,-0.2769,52.532124,35,3,1,1,2,17:01,394,E06000031,6,0,6,30,6,4,6,0,0,0,4,1,1,0,0,1,1,E01033178,2012170S33212,1,1,1,2,70,10,3,0,0,0,0,0,9,1,Peterborough
2015-01-26,2015350008215,545170.0,257260.0,0.122478,52.194471,35,3,2,1,2,18:00,390,E10000003,3,1309,6,30,0,-1,-1,0,0,0,4,1,1,0,0,1,2,E01018005,2012170S33212,1,2,2,2,47,8,3,0,0,1,0,0,9,1,Cambridge
2015-01-26,2015100042615,435786.0,552217.0,-1.444001,54.863462,10,3,2,1,2,08:40,150,E08000024,3,19,3,70,5,4,3,19,0,0,1,1,2,0,0,2,1,E01008775,201205AA01798,1,6,1,2,19,4,3,0,0,0,0,0,9,1,Sunderland
2015-01-26,2015610007515,325885.0,214399.0,-3.076756,51.823277,61,3,3,1,2,17:30,732,W06000021,3,465,1,50,1,4,3,4077,0,0,4,1,1,0,0,2,1,W01001562,201242I203507,1,1,1,2,47,8,3,0,0,0,0,0,9,1,
2015-01-26,2015440029154,464805.0,99120.0,-1.08202,50.788037,44,3,1,1,2,17:30,498,E06000044,4,2154,6,30,0,-1,-1,0,0,1,7,9,1,0,0,1,2,E01017124,201230D000218,1,4,2,1,28,6,3,0,0,2,0,0,9,1,Portsmouth
2015-01-26,2015350008315,527580.0,274870.0,-0.128057,52.357052,35,3,3,1,2,10:09,393,E10000003,3,141,6,60,0,-1,-1,0,0,0,1,1,2,0,0,2,1,E01018206,2012170S33232,2,1,1,1,35,6,3,0,0,0,0,0,1,1,Huntingdonshire
2015-01-26,20151321Q0414,419354.0,430097.0,-1.707869,53.766865,13,3,2,1,2,10:10,200,E08000032,3,650,6,30,0,-1,-1,0,0,0,1,1,2,0,0,1,1,E01010814,201206G060340,2,2,2,1,35,6,3,0,0,1,0,0,9,1,Bradford
2015-01-26,20151321Q0430,424230.0,424435.0,-1.63434,53.715772,13,3,1,1,2,13:14,203,E08000034,6,0,6,30,0,-1,-1,0,0,0,1,1,1,0,0,1,1,E01011029,201206G060384,1,1,1,2,37,7,3,0,0,0,0,0,9,1,Kirklees
2015-01-26,2015350010615,522780.0,271380.0,-0.199775,52.326787,35,3,2,3,2,11:55,393,E10000003,4,1514,6,30,3,4,6,0,0,0,1,1,1,0,0,2,1,E01018151,2012170S41162,3,2,2,2,16,4,3,0,0,0,4,0,11,1,Huntingdonshire
2015-01-26,2015350010715,519250.0,297230.0,-0.242325,52.559848,35,3,2,1,2,12:00,394,E06000031,6,0,6,30,3,4,6,0,0,0,1,1,1,0,0,1,1,E01015621,2012170S41162,3,3,2,2,15,3,3,0,0,0,4,0,11,1,Peterborough
2015-01-26,2015331500271,459236.0,298438.0,-1.127233,52.580536,33,3,1,1,2,19:00,367,E10000018,4,582,6,30,3,4,6,4402,0,4,4,1,2,0,0,1,1,E01025988,2012160C01631,1,2,2,2,18,4,3,0,0,2,0,0,9,2,Oadby and Wigston
2015-01-26,201550JO2S001,261804.0,95111.0,-3.959878,50.73912,50,3,2,1,2,17:57,589,E10000008,3,30,7,30,3,4,4,3260,0,0,6,1,1,0,0,2,1,E01020322,2012370311812,2,1,2,1,27,6,3,0,0,0,0,0,19,2,West Devon
2015-01-26,2015350011915,517580.0,296340.0,-0.267263,52.552213,35,3,2,2,2,17:32,394,E06000031,6,0,1,30,1,4,3,1260,0,0,4,1,2,0,0,1,1,E01033179,2012170S41782,1,1,1,2,39,7,3,0,0,0,0,0,3,2,Peterborough
2015-01-26,201520Z000445,407800.0,288850.0,-1.886536,52.497501,20,3,2,1,2,18:05,300,E08000025,2,38,3,50,0,-1,-1,0,0,0,4,1,1,0,0,1,1,E01008910,2012130009634,1,1,3,1,24,5,3,9,9,0,0,0,0,1,Birmingham
2015-01-26,2015350012015,547870.0,259310.0,0.162844,52.212171,35,3,2,1,2,08:20,390,E10000003,3,1134,1,30,1,4,3,1303,0,4,1,8,2,0,0,1,1,E01017946,2012170S41912,1,1,1,1,52,8,2,0,0,0,0,0,4,1,Cambridge
2015-01-26,20154100J0085,520354.0,198777.0,-0.260829,51.674878,41,3,2,1,2,09:20,33,E10000015,5,86,3,60,0,-1,-1,0,0,0,1,2,2,0,0,2,1,E01023583,2012212003031,1,1,1,1,42,7,3,0,0,0,0,0,9,1,Hertsmere
2015-01-26,2015440029389,457028.0,102593.0,-1.191797,50.820081,44,2,1,1,2,20:00,492,E10000014,4,3334,6,40,0,-1,-1,0,0,0,6,1,2,0,0,2,1,E01022778,201230D000220,1,1,1,1,27,6,3,0,0,0,0,0,9,1,
2015-01-26,2015520501062,356130.0,116446.0,-2.625828,50.945772,52,3,2,2,2,09:15,610,E10000027,6,0,6,30,0,-1,-1,0,0,0,1,1,2,0,0,1,1,E01029232,2012370468812,2,1,2,2,23,5,3,0,0,1,0,0,9,2,South Somerset
2015-01-26,2015440029284,452092.0,89670.0,-1.263687,50.704343,44,3,1,2,2,18:20,505,E06000046,6,0,6,60,0,-1,-1,0,0,0,6,1,2,7,0,2,1,E01017310,201230D000219,1,1,1,2,36,7,3,0,0,0,0,0,9,1,
2015-01-26,2015350008415,525690.0,297530.0,-0.147265,52.561095,35,3,3,2,2,14:25,392,E10000003,3,605,6,40,0,-1,-1,0,0,0,1,1,1,0,0,1,1,E01018099,2012170S33272,1,1,1,1,46,8,3,0,0,0,0,0,9,1,Fenland
2015-01-26,201501TD00013,533060.0,182510.0,-0.083345,51.525835,1,1,1,1,2,02:04,4,E09000012,3,1202,6,30,0,-1,-1,0,0,5,4,1,2,0,0,1,1,E01033708,201201QK50507,2,1,1,2,33,6,3,0,0,0,0,0,9,1,London
2015-01-26,2015300011900,434840.0,335880.0,-1.483281,52.919214,30,3,1,1,2,18:54,323,E06000015,3,601,6,30,3,2,6,0,0,4,4,1,1,0,0,1,1,E01013456,2012130498550,2,2,1,2,55,8,3,0,0,0,0,0,9,1,Derby
2015-01-26,201504WD15042,332340.0,440550.0,-3.030138,53.856747,4,3,2,2,2,20:05,71,E06000009,6,0,1,30,1,4,6,0,0,0,4,1,1,0,0,1,1,E01012704,201201ZD30433,1,1,1,1,23,5,3,0,0,0,0,0,9,-1,
2015-01-26,2015450021454,506240.0,151560.0,-0.479039,51.25332,45,3,3,3,2,18:27,511,E10000030,3,246,6,50,0,-1,-1,0,0,0,7,1,1,0,0,2,1,E01030440,201231C258812,1,1,3,1,21,5,3,5,3,0,0,0,0,1,
2015-01-26,2015450021455,542957.0,153409.0,0.047514,51.261922,45,3,2,1,2,21:53,516,E10000030,3,25,6,40,8,4,-1,-1,0,0,7,1,1,0,0,2,1,E01030832,201231C258912,2,1,1,1,27,6,3,0,0,0,0,0,9,1,
2015-01-26,2015450021457,528934.0,157052.0,-0.152035,51.298003,45,3,3,1,2,07:30,513,E10000030,3,23,3,40,0,-1,-1,0,0,0,1,1,2,0,0,2,1,E01030569,201231C259212,2,1,2,2,41,7,3,0,0,1,0,0,9,1,London
2015-01-26,2015450021459,506155.0,172527.0,-0.474009,51.441798,45,3,2,1,2,16:20,40,E10000030,4,378,6,30,3,4,6,0,0,0,7,1,1,0,0,1,1,E01030707,201231C259412,1,1,3,2,20,4,3,1,1,0,0,0,0,1,Spelthorne
2015-01-26,201543P245015,429071.0,195544.0,-1.581141,51.657935,43,3,2,1,2,18:15,483,E10000025,6,207,6,30,0,-1,-1,0,0,0,4,1,1,0,0,2,2,E01028717,2012232525812,1,1,1,2,54,8,3,0,0,0,0,0,9,-1,Vale of White Horse
2015-01-26,201543S104015,491832.0,238272.0,-0.662696,52.035259,43,3,2,1,2,14:20,479,E06000042,3,421,6,60,0,-1,-1,0,0,0,1,1,1,0,0,2,1,E01016735,201230B002223,2,1,1,2,29,6,2,0,0,0,0,0,9,2,
2015-01-26,2015450021482,501614.0,152077.0,-0.545156,51.25881,45,2,2,1,2,07:47,511,E10000030,3,3100,1,30,1,4,4,2234,0,0,1,1,1,0,0,1,2,E01030435,201231C259812,1,2,2,1,25,5,3,0,0,0,3,0,11,1,
2015-01-26,2015051500293,344473.0,390964.0,-2.836832,53.412548,5,3,1,1,2,10:20,90,E08000011,6,0,6,30,0,-1,-1,0,0,0,1,1,1,0,0,1,2,E01006481,201201ZD30808,1,1,1,1,20,4,3,0,0,0,0,0,9,1,Liverpool
2015-01-26,201520L001385,412000.0,277270.0,-1.825082,52.393322,20,3,1,1,2,03:59,306,E08000029,4,4102,3,30,3,4,4,4102,0,8,4,2,2,0,0,2,1,E01032886,201211SL00582,2,1,1,2,43,7,3,0,0,0,0,0,9,1,
2015-01-26,201501HT20078,534500.0,181720.0,-0.062902,51.518395,1,3,2,1,2,18:40,5,E09000030,3,11,6,30,6,2,4,108,0,5,4,1,1,0,0,1,1,E01004309,201201EK49022,1,1,3,1,19,4,3,4,1,0,0,2,0,-1,London
2015-01-26,2015471500544,532842.0,135609.0,-0.103943,51.104398,47,3,2,1,2,08:15,563,E10000032,6,0,6,60,0,-1,-1,0,0,0,1,1,2,0,0,2,1,E01031722,201234WN15542,4,5,2,1,10,2,3,0,0,2,0,0,9,1,Mid Sussex
2015-01-26,201501SX20111,523970.0,189560.0,-0.211822,51.59126,1,3,2,1,2,19:00,30,E09000003,3,1,6,30,6,2,3,504,0,5,4,1,1,0,0,1,1,E01000242,201201QA10028,1,1,1,2,22,5,3,0,0,0,0,0,9,1,London
2015-01-26,201501SX20109,528110.0,192410.0,-0.151052,51.615947,1,3,2,1,2,09:03,30,E09000003,6,0,6,30,3,4,6,0,0,0,1,1,1,0,0,1,1,E01000158,201201QA10026,1,1,1,2,24,5,3,0,0,0,0,0,9,1,London
2015-01-26,201501ZD30041,533810.0,167370.0,-0.078264,51.389603,1,3,2,1,2,23:53,20,E09000008,5,0,6,30,3,4,6,0,0,0,4,1,1,0,0,1,2,E01001187,201201VK30177,1,1,1,1,33,6,3,0,0,0,0,0,1,1,London
2015-01-26,2015120013935,443865.0,481047.0,-1.32872,54.223273,12,3,2,2,2,07:14,181,E10000023,3,168,3,60,3,4,3,168,0,0,1,1,2,0,0,2,1,E01027621,201205FF05784,2,1,2,1,25,5,3,0,0,2,0,0,9,-1,Hambleton
2015-01-26,2015160B01621,488276.0,403627.0,-0.669977,53.521908,16,3,2,1,2,12:40,232,E06000013,6,0,6,60,0,-1,-1,0,0,0,1,1,1,0,0,2,1,E01013324,2012100110412,1,1,3,1,7,2,3,5,4,0,0,0,0,-1,
2015-01-26,201550GA2D001,200208.0,57927.0,-4.811897,50.387204,50,3,2,2,2,18:06,596,E06000052,4,3274,6,60,0,-1,-1,0,0,0,6,1,1,0,0,2,1,E01019075,2012370129112,3,1,1,2,20,4,3,0,0,0,0,0,9,1,
2015-01-26,201501XH30146,509700.0,180760.0,-0.420469,51.515123,1,2,1,1,2,16:00,26,E09000017,6,0,6,20,0,-1,-1,0,0,0,1,1,1,0,0,1,1,E01002504,201201TB00593,1,1,3,1,91,11,2,4,1,0,0,2,0,-1,London
2015-01-26,201501SX20124,522400.0,189700.0,-0.234426,51.592861,1,3,2,1,2,14:00,30,E09000003,3,41,3,50,3,2,5,0,0,0,1,1,1,0,0,1,1,E01000239,201201QA10041,1,1,1,2,45,7,3,0,0,0,0,0,9,1,London
2015-01-26,2015170S10295,443843.0,521412.0,-1.323113,54.586012,17,3,4,3,2,18:56,245,E06000004,6,0,6,30,3,4,6,0,0,0,4,1,1,0,0,1,1,E01012193,2012100522712,2,1,1,2,43,7,3,0,0,0,0,0,9,1,
2015-01-26,201560S011955,330711.0,344813.0,-3.033805,52.996141,60,3,1,1,2,09:05,725,W06000006,6,0,6,60,8,4,6,0,0,0,1,1,1,0,0,2,1,W01000419,201242I098904,1,1,1,2,72,10,3,0,0,0,0,0,9,1,
2015-01-26,201501XH30046,505950.0,179640.0,-0.474827,51.505771,1,3,3,2,2,19:57,26,E09000017,5,0,6,30,0,-1,-1,0,0,0,4,1,1,0,0,1,1,E01002531,201201TB00516,2,1,1,1,-1,-1,2,0,0,0,0,0,3,1,London
2015-01-26,201514C007415,441652.0,393105.0,-1.37454,53.43309,14,2,2,1,2,18:45,213,E08000018,6,0,6,30,3,4,6,0,0,0,5,1,1,0,0,1,1,E01007716,2012070223330,2,1,1,1,44,7,3,0,0,0,0,0,1,1,Rotherham
2015-01-26,201560S012193,304941.0,368010.0,-3.424519,53.200637,60,3,2,2,2,16:10,723,W06000004,6,0,6,60,0,-1,-1,0,0,0,1,1,2,0,0,2,1,W01000199,201242I098904,1,2,2,1,73,10,2,0,0,1,0,0,9,-1,
2015-01-26,2015051500279,340362.0,389141.0,-2.898326,53.395715,5,3,2,1,2,08:03,91,E08000012,3,5058,3,40,0,-1,-1,0,0,0,1,1,1,0,0,1,1,E01006582,201201ZD30801,2,1,1,1,35,6,3,0,0,0,0,0,5,1,Liverpool
2015-01-26,201550FT2L004,287819.0,64400.0,-3.582074,50.46866,50,3,1,1,2,11:00,587,E06000027,3,380,3,60,0,-1,-1,0,0,0,1,1,2,0,0,2,1,E01015207,2012370117712,1,1,1,1,50,8,3,0,0,0,0,0,5,2,
2015-01-26,2015555999130,346793.0,92892.0,-2.755294,50.733193,55,3,1,1,2,12:22,645,E10000009,4,3162,6,30,0,-1,-1,0,0,1,1,1,1,0,0,1,1,E01020503,201242I066603,2,1,1,2,41,7,3,0,0,0,0,0,9,1,
2015-01-26,2015170S20175,445131.0,526860.0,-1.302348,54.634855,17,3,2,2,2,03:14,245,E06000004,3,19,3,70,0,-1,-1,0,0,0,6,1,2,0,0,2,1,E01033480,2012100556912,2,1,1,1,50,8,3,0,0,0,0,0,1,1,
2015-01-26,201514C007515,445016.0,385245.0,-1.325029,53.362169,14,2,1,1,2,17:20,213,E08000018,4,6053,6,40,6,2,6,0,0,0,4,2,2,0,0,1,1,E01007671,2012070223412,2,1,1,1,41,7,3,0,0,0,0,0,3,1,Rotherham
2015-01-26,2015555999137,384431.0,123108.0,-2.223279,51.007143,55,3,2,1,2,22:48,642,E10000009,3,30,6,60,0,-1,-1,0,0,0,6,1,1,0,0,2,1,E01020457,201242I066803,2,1,1,2,84,11,2,0,0,0,0,0,90,1,
2015-01-26,201501EO40098,533220.0,184790.0,-0.080178,51.546286,1,3,1,1,2,17:28,4,E09000012,3,104,6,20,0,-1,-1,0,0,5,4,1,1,0,0,1,1,E01001756,201201CW10123,1,1,1,2,42,7,3,0,0,0,0,0,9,1,London
2015-01-26,201520M001215,432750.0,279390.0,-1.519957,52.411537,20,3,2,1,2,07:45,302,E08000026,6,0,6,30,0,-1,-1,0,0,0,1,8,1,0,0,1,2,E01009650,2012120008522,1,1,3,1,35,6,3,5,1,0,0,0,0,-1,Coventry
2015-01-26,201514C007615,442178.0,395883.0,-1.366252,53.458017,14,3,2,1,2,20:14,213,E08000018,4,6089,6,60,3,4,6,0,0,0,4,1,2,0,0,2,1,E01007731,2012070223429,2,1,1,2,38,7,3,0,0,0,0,0,9,1,Rotherham
2015-01-26,201514C007715,445371.0,400425.0,-1.317514,53.498575,14,3,2,2,2,20:20,213,E08000018,5,608,6,40,8,4,6,0,0,0,4,1,1,0,0,1,1,E01007816,2012070223451,1,1,1,1,52,8,3,0,0,0,0,0,9,1,Rotherham
2015-01-26,2015471500549,529928.0,135430.0,-0.145606,51.103456,47,3,2,1,2,08:17,560,E10000032,1,23,3,70,0,-1,-1,0,0,0,1,1,1,0,0,1,1,E01031580,201234WN15542,4,6,2,2,12,3,3,0,0,1,0,0,9,1,
2015-01-26,201501YR90069,531470.0,189650.0,-0.103584,51.590371,1,3,2,2,2,09:00,31,E09000014,3,105,6,30,9,2,3,504,0,5,1,1,1,0,0,1,1,E01002031,201201TX20143,1,1,2,2,14,3,3,0,0,1,0,0,9,-1,London
2015-01-26,201543W237015,464899.0,171202.0,-1.06774,51.436108,43,3,2,1,2,18:20,471,E06000037,6,7153,1,30,1,4,6,7153,0,0,4,1,1,0,0,1,2,E01016344,201230C002000,2,1,1,2,39,7,3,0,0,0,0,0,9,-1,
2015-01-26,201514C007815,439735.0,392129.0,-1.403515,53.424465,14,3,2,1,2,22:07,213,E08000018,3,6109,6,60,0,-1,-1,0,0,0,4,1,2,0,0,1,1,E01007746,2012070223451,2,2,1,1,27,6,3,0,0,0,0,0,9,1,Rotherham