Date,Accident_Index_x,Location_Easting_OSGR,Location_Northing_OSGR,Longitude,Latitude,Police_Force,Accident_Severity,Number_of_Vehicles,Number_of_Casualties,Day_of_Week,Time,Local_Authority_(District),Local_Authority_(Highway),1st_Road_Class,1st_Road_Number,Road_Type,Speed_limit,Junction_Detail,Junction_Control,2nd_Road_Class,2nd_Road_Number,Pedestrian_Crossing-Human_Control,Pedestrian_Crossing-Physical_Facilities,Light_Conditions,Weather_Conditions,Road_Surface_Conditions,Special_Conditions_at_Site,Carriageway_Hazards,Urban_or_Rural_Area,Did_Police_Officer_Attend_Scene_of_Accident,LSOA_of_Accident_Location,Accident_Index_y,Vehicle_Reference,Casualty_Reference,Casualty_Class,Sex_of_Casualty,Age_of_Casualty,Age_Band_of_Casualty,Casualty_Severity,Pedestrian_Location,Pedestrian_Movement,Car_Passenger,Bus_or_Coach_Passenger,Pedestrian_Road_Maintenance_Worker,Casualty_Type,Casualty_Home_Area_Type,city
2015-01-27,201542I045601,570951.0,186509.0,0.464308,51.55157,42,3,3,1,3,06:55,450,E10000012,3,13,3,70,0,-1,-1,0,0,0,1,1,2,0,0,2,1,E01021299,2012212005984,2,1,1,1,21,5,3,0,0,0,0,0,4,1,
2015-01-27,201537EA87515,585663.0,271192.0,0.721915,52.307448,37,3,3,1,3,09:10,414,E10000029,3,134,6,30,0,-1,-1,0,0,0,1,1,1,0,0,2,1,E01030135,201220N039682,2,1,1,1,40,7,3,0,0,0,0,0,3,1,West Suffolk
2015-01-27,201537EA87517,587101.0,241255.0,0.726487,52.038121,37,3,1,1,3,21:24,410,E10000029,3,131,2,30,3,4,3,131,0,1,4,1,2,0,0,1,1,E01029920,201220N040052,2,1,1,2,25,5,3,0,0,0,0,0,9,1,Babergh
2015-01-27,201537EA87608,621121.0,243925.0,1.223434,52.049578,37,3,2,1,3,13:40,412,E10000029,5,322,6,30,0,-1,-1,0,0,0,1,1,2,0,0,1,1,E01030206,201220N042702,2,3,2,1,22,5,3,0,0,0,0,0,4,1,East Suffolk
2015-01-27,201501XD80129,516130.0,182420.0,-0.327299,51.528758,1,3,3,1,3,09:50,27,E09000009,4,455,6,30,1,4,4,455,0,1,1,1,1,0,0,1,1,E01001210,201201TA00645,2,1,1,1,17,4,3,0,0,0,0,0,3,1,London
2015-01-27,201501SX20101,522690.0,188940.0,-0.230507,51.585968,1,3,2,1,3,07:35,30,E09000003,3,504,7,30,3,2,3,41,0,5,1,1,1,0,0,1,2,E01000237,201201QA10019,1,1,1,2,27,6,3,0,0,0,0,0,9,-1,London
2015-01-27,201534NK02535,478232.0,285173.0,-0.850063,52.458913,34,3,2,1,3,17:30,383,E10000021,3,6,6,60,0,-1,-1,0,0,0,6,1,1,0,0,2,1,E01027129,2012170H11602,2,2,2,1,52,8,2,0,0,1,0,0,9,1,
2015-01-27,201543W188015,462242.0,171280.0,-1.105946,51.437107,43,3,2,1,3,07:24,471,E06000037,6,7123,6,60,0,-1,-1,0,0,0,1,1,2,0,0,2,1,E01016328,201230C001641,2,3,1,1,59,9,3,0,0,0,0,0,9,2,
2015-01-27,201501RG40035,547350.0,180230.0,0.121547,51.501804,1,3,2,2,3,08:27,6,E09000011,3,2016,7,50,5,4,3,2041,0,0,1,1,2,6,0,2,1,E01000470,201201PL60538,1,2,2,2,9,2,3,0,0,0,4,0,11,1,London
2015-01-27,201501TW60018,518240.0,175420.0,-0.29924,51.465408,1,3,2,1,3,17:30,24,E09000027,3,307,6,30,0,-1,-1,0,0,0,4,1,1,0,0,1,1,E01003860,201201QK50635,2,1,1,1,-1,-1,3,0,0,0,0,0,1,-1,London
2015-01-27,201511SA01615,420768.0,528123.0,-1.67968,54.64779,11,3,1,1,3,07:13,169,E06000047,5,130,6,60,0,-1,-1,0,0,8,4,1,2,0,0,1,1,E01020907,201205EE06267,1,1,1,1,26,6,3,0,0,0,0,0,9,-1,
2015-01-27,201501RY10034,551460.0,178140.0,0.17982,51.48194,1,2,2,1,3,16:40,18,E09000004,5,0,6,30,3,4,6,0,0,0,1,1,1,0,0,1,1,E01000403,201201PY20301,1,1,1,1,19,4,3,0,0,0,0,0,9,1,London
2015-01-27,201542I045801,575781.0,190866.0,0.536079,51.589224,42,3,2,1,3,17:13,450,E10000012,6,0,6,40,0,-1,-1,0,0,0,6,1,2,0,0,2,1,E01021312,2012212005987,1,1,3,2,64,9,2,6,9,0,0,0,0,1,
2015-01-27,201542I045901,584868.0,189206.0,0.666231,51.571409,42,3,1,1,3,12:10,460,E06000033,6,0,6,30,3,4,6,0,0,0,1,1,1,0,0,1,1,E01015833,2012212005988,1,1,1,1,25,5,3,0,0,0,0,0,9,1,Southend-on-Sea
2015-01-27,2015350008515,518400.0,294920.0,-0.255681,52.539276,35,3,2,2,3,11:40,394,E06000031,3,15,6,50,0,-1,-1,0,0,0,1,1,1,7,0,2,2,E01033174,2012170S33282,2,1,1,1,71,10,3,0,0,0,0,0,1,1,Peterborough
2015-01-27,201542I027201,577501.0,188790.0,0.559832,51.570038,42,3,2,2,3,17:01,453,E10000012,6,0,6,30,3,4,6,0,0,0,1,1,1,0,0,1,1,E01021527,2012212005649,2,1,1,1,26,6,3,0,0,0,0,0,1,1,Castle Point
2015-01-27,201501ZD30061,529870.0,159670.0,-0.137665,51.321319,1,3,2,1,3,05:51,20,E09000008,4,2032,6,30,3,4,6,0,0,4,4,1,2,0,0,1,1,E01001023,201201VK30191,2,1,1,2,41,7,3,0,0,0,0,0,1,1,London
2015-01-27,2015215000617,383667.0,351620.0,-2.245166,53.061573,21,3,2,1,3,11:40,253,E10000028,3,500,3,70,5,4,3,500,0,0,1,1,1,0,0,2,2,E01029536,2012130181630,1,1,1,1,18,4,3,0,0,0,0,0,1,-1,
2015-01-27,2015051500292,336454.0,396787.0,-2.958633,53.463974,5,3,1,1,3,11:55,91,E08000012,3,59,6,30,0,-1,-1,0,0,5,1,1,1,0,0,1,1,E01006783,201201ZD30807,2,1,1,2,28,6,3,0,0,0,0,0,9,1,Liverpool
2015-01-27,201550DE2E003,295603.0,93839.0,-3.480717,50.734752,50,1,1,1,3,14:28,581,E10000008,4,3181,6,30,0,-1,-1,0,0,0,1,1,1,0,0,1,1,E01020005,2012360067901,1,2,2,2,10,2,3,0,0,2,0,0,9,1,Exeter
2015-01-27,2015621500176,308004.0,192800.0,-3.330414,51.626469,62,3,1,1,3,21:04,744,W06000016,6,0,6,30,0,-1,-1,0,0,0,7,1,2,0,0,2,1,W01001181,201242I264308,1,2,1,2,62,9,3,0,0,0,0,0,9,1,
2015-01-27,2015621500171,264087.0,194199.0,-3.965066,51.630139,62,3,2,6,3,23:39,745,W06000011,6,0,6,30,3,4,6,0,0,0,4,2,2,0,0,1,1,W01000862,201242I264108,2,1,1,2,54,8,3,0,0,0,0,0,9,1,Swansea
2015-01-27,2015621500164,265175.0,197787.0,-3.95074,51.662643,62,3,2,2,3,14:35,745,W06000011,4,4489,6,30,3,4,6,0,0,0,1,1,1,0,0,2,1,W01000817,201242I263608,1,1,1,2,17,4,3,0,0,0,0,0,9,1,Swansea
2015-01-27,2015160B00491,489728.0,408258.0,-0.646757,53.563276,16,3,2,1,3,06:40,232,E06000013,6,0,6,30,3,4,6,0,0,0,4,1,1,0,0,1,2,E01013239,2012100095512,1,1,2,2,43,7,3,0,0,0,3,0,11,2,
2015-01-27,201514K030315,444061.0,382854.0,-1.339711,53.340759,14,3,3,2,3,19:30,215,E08000019,6,0,6,30,6,4,6,0,0,0,4,1,1,0,0,1,1,E01008030,2012070297729,2,1,1,1,44,7,3,0,0,0,0,0,9,1,Sheffield
2015-01-27,201563DP00615,316630.0,294110.0,-3.230633,52.538443,63,3,1,1,3,22:50,753,W06000023,4,4368,6,60,0,-1,-1,0,0,0,6,1,2,0,0,2,1,W01000439,201243N182052,1,1,3,2,33,6,3,5,9,0,0,0,0,1,
2015-01-27,2015621500163,264541.0,192641.0,-3.957908,51.616249,62,3,1,1,3,21:34,745,W06000011,6,0,6,30,0,-1,-1,0,0,0,4,2,2,0,0,1,2,W01000871,201242I263508,1,1,1,1,10,2,3,0,0,0,0,0,1,1,Swansea
2015-01-27,201520K001885,401060.0,288470.0,-1.985817,52.494139,20,2,3,1,3,20:30,305,E08000028,6,0,6,30,3,4,6,0,0,0,7,1,2,0,0,1,2,E01010050,201211SJ00022,1,3,2,1,26,6,3,0,0,2,0,0,9,1,Sandwell
2015-01-27,2015051500291,334353.0,391134.0,-2.989093,53.412912,5,3,2,1,3,07:26,91,E08000012,3,5036,3,30,6,2,3,5038,0,5,4,1,1,0,0,1,1,E01033751,201201ZD30805,1,2,2,2,22,5,3,0,0,1,0,0,9,1,Liverpool
2015-01-27,201501EO40106,530720.0,183650.0,-0.116633,51.536626,1,3,1,2,3,14:10,3,E09000019,3,5203,6,30,0,-1,-1,0,0,1,1,1,1,0,0,1,1,E01002694,201201CW10129,1,1,3,2,45,7,3,1,1,0,0,2,0,1,London
2015-01-27,201501JC30034,537880.0,187070.0,-0.012124,51.565656,1,2,2,1,3,16:07,13,E09000031,6,0,6,30,0,-1,-1,0,0,0,1,1,2,0,0,1,1,E01004435,201201FH10313,2,1,1,1,44,7,3,0,0,0,0,0,3,1,London
2015-01-27,201514K023115,433555.0,382883.0,-1.497489,53.341788,14,3,1,2,3,13:25,215,E08000019,5,735,6,30,0,-1,-1,0,0,0,1,1,1,0,0,2,1,E01007825,2012070294217,3,5,2,1,73,10,3,0,0,1,0,0,9,3,Sheffield
2015-01-27,201514K023315,438720.0,391964.0,-1.418809,53.423058,14,3,2,1,3,19:30,215,E08000019,5,756,6,30,6,4,6,0,0,0,4,1,1,0,0,1,2,E01007852,2012070294228,2,1,1,1,51,8,3,0,0,0,0,0,9,1,Sheffield
2015-01-27,2015160D00291,508013.0,427784.0,-0.364025,53.735268,16,3,2,1,3,18:27,228,E06000010,6,0,6,30,0,-1,-1,0,0,0,4,1,2,0,0,1,1,E01012889,2012100299612,2,1,1,1,46,8,3,0,0,0,0,0,1,-1,Hull
2015-01-27,2015160D00751,507650.0,429525.0,-0.36892,53.750984,16,3,4,1,3,18:20,228,E06000010,6,0,6,30,0,-1,-1,0,0,0,4,1,1,0,0,1,1,E01012759,2012100307112,2,1,2,2,42,7,3,0,0,1,0,0,9,1,Hull
2015-01-27,201520M001605,430620.0,277320.0,-1.551459,52.393051,20,3,2,1,3,18:15,302,E08000026,3,45,1,30,1,4,6,0,0,0,4,1,1,0,0,1,2,E01009555,2012120009251,2,2,1,2,23,5,3,0,0,0,0,0,9,3,Coventry
2015-01-27,2015075024980,387279.0,362201.0,-2.191693,53.156784,7,2,1,1,3,17:10,129,E06000049,3,527,6,30,3,4,6,0,0,0,7,9,1,0,0,1,2,E01018405,201204DL12108,2,3,2,2,78,11,3,0,0,2,0,0,9,1,
2015-01-27,2015540873515,417282.0,180000.0,-1.752324,51.518659,54,3,2,1,3,19:50,633,E06000030,4,4005,6,50,0,-1,-1,0,0,0,6,1,1,0,7,2,1,E01015583,20124100D0722,1,1,1,2,28,6,3,0,0,0,0,0,9,1,
2015-01-27,201501CP00011,532860.0,180830.0,-0.086859,51.510785,48,3,2,1,3,17:18,570,E09000001,5,0,6,30,9,2,3,10,0,5,4,1,1,0,0,1,1,E01032739,201197QB06106,2,1,1,1,64,9,3,0,0,0,0,0,9,1,City of London
2015-01-27,201504WB15031,348460.0,457420.0,-2.787942,54.01021,4,3,1,1,3,18:10,76,E10000017,6,0,6,20,0,-1,-1,0,0,1,4,1,2,0,0,2,1,E01025105,201201YR90694,1,1,1,1,58,9,3,0,0,0,0,0,1,1,Lancaster
2015-01-27,2015075024864,375898.0,363458.0,-2.361984,53.167687,7,2,2,1,3,20:00,129,E06000049,5,311,6,60,0,-1,-1,0,0,0,6,1,2,0,0,2,2,E01018394,201204DL12108,1,1,1,2,39,7,3,0,0,0,0,0,9,1,
2015-01-27,201501EO40081,531360.0,184980.0,-0.106915,51.54843,1,3,1,1,3,10:27,3,E09000019,3,1,6,30,0,-1,-1,0,0,0,1,1,1,0,0,1,1,E01002795,201201CW10107,1,1,1,1,51,8,3,0,0,0,0,0,1,1,London
2015-01-27,201522E500393,361460.0,225860.0,-2.561912,51.92991,22,3,2,1,3,09:00,285,E06000019,3,449,3,70,1,4,1,50,0,0,1,1,1,0,0,2,1,E01014061,2012130325246,1,1,1,2,26,6,3,0,0,0,0,0,9,1,
2015-01-27,20151321R0973,434925.0,435580.0,-1.471037,53.815336,13,2,2,1,3,15:40,204,E08000035,6,0,6,30,3,4,6,0,0,0,1,1,1,0,0,1,1,E01011663,201206G061297,2,2,1,2,60,9,3,0,0,0,0,0,9,1,Leeds
2015-01-27,20151321R0702,430064.0,434407.0,-1.544978,53.805096,13,3,2,1,3,13:17,204,E08000035,6,0,7,40,5,4,2,58,0,0,1,1,2,0,0,1,1,E01033010,201206G060978,1,2,1,2,21,5,3,0,0,0,0,0,9,1,Leeds
2015-01-27,20151321R0538,424083.0,435506.0,-1.635708,53.815283,13,3,3,2,3,11:48,204,E08000035,6,0,6,30,3,4,6,0,0,0,1,2,2,0,0,1,1,E01011323,201206G060978,1,1,2,2,53,8,3,0,0,1,0,0,9,1,Leeds
2015-01-27,20151321R0440,416174.0,438781.0,-1.755658,53.845023,13,3,2,1,3,07:50,200,E08000032,3,6038,6,30,6,2,6,0,0,5,1,1,1,0,0,1,2,E01010568,201206G060869,2,1,1,1,52,8,3,0,0,0,0,0,2,1,Bradford
2015-01-27,20151321R0204,427721.0,434467.0,-1.580548,53.805765,13,3,2,1,3,08:29,204,E08000035,3,65,3,30,0,-1,-1,0,0,0,1,1,2,0,0,1,1,E01011483,201206G060854,2,1,1,2,27,6,3,0,0,0,0,0,9,-1,Leeds
2015-01-27,2015215000616,386120.0,355887.0,-2.20875,53.099999,21,3,2,1,3,23:56,253,E10000028,6,46,6,30,0,-1,-1,0,0,0,4,1,2,0,0,1,1,E01029582,2012130181540,1,1,2,1,72,10,3,0,0,0,4,0,11,1,
2015-01-27,201504WB15025,344540.0,463170.0,-2.848803,54.061476,4,3,2,3,3,18:40,76,E10000017,6,0,6,30,3,2,6,0,0,5,4,1,2,0,0,1,1,E01025172,201201YR90689,1,1,3,1,42,7,3,1,3,0,0,2,0,1,Lancaster
2015-01-27,20151321R0137,418027.0,431183.0,-1.727937,53.776673,13,3,1,2,3,05:32,200,E08000032,3,650,3,40,5,4,6,0,0,0,4,1,2,5,2,1,1,E01010615,201206G060832,1,1,3,1,45,7,2,1,1,0,0,0,0,-1,Bradford
2015-01-27,201550AP2M005,149210.0,31324.0,-5.510395,50.128868,50,3,2,2,3,15:48,596,E06000052,3,30,1,50,1,4,6,0,0,0,1,1,1,0,0,2,1,E01018988,2012360065884,2,1,1,1,44,7,3,0,0,0,0,0,9,1,
2015-01-27,20151321Q1286,429282.0,433483.0,-1.556939,53.796836,13,2,1,1,3,16:50,204,E08000035,6,0,3,30,6,2,6,0,0,5,4,1,1,0,0,1,2,E01033015,201206G060665,1,1,1,2,48,8,3,0,0,0,0,0,9,1,Leeds
2015-01-27,201501HT20266,535540.0,181570.0,-0.047979,51.516799,1,3,2,1,3,16:30,5,E09000030,5,0,6,30,0,-1,-1,0,0,0,1,1,1,0,0,1,2,E01004283,201201EO40164,2,1,1,1,26,6,3,0,0,0,0,0,1,1,London
2015-01-27,201504WB15029,347040.0,466280.0,-2.811158,54.089688,4,3,2,1,3,18:30,76,E10000017,6,0,6,20,0,-1,-1,0,0,0,4,1,2,0,0,2,1,E01025159,201201YR90692,1,1,3,1,71,10,3,5,3,0,0,2,0,1,Lancaster
2015-01-27,2015051500298,329141.0,390093.0,-3.067257,53.402881,5,2,2,2,3,17:10,95,E08000015,3,553,6,30,3,4,6,0,0,0,4,1,1,0,0,1,1,E01007121,201201ZD30813,1,1,1,1,23,5,3,0,0,0,0,0,9,-1,
2015-01-27,201520M004715,431670.0,279120.0,-1.53586,52.409173,20,3,2,1,3,09:15,302,E08000026,4,4107,3,40,3,4,6,0,0,0,1,1,1,0,0,1,1,E01009649,2012120014616,1,1,1,1,43,7,3,0,0,0,0,0,9,2,Coventry
2015-01-27,201504WA15032,339160.0,432590.0,-2.92489,53.786058,4,3,2,2,3,08:25,74,E10000017,3,583,6,50,3,2,4,5260,0,8,1,1,2,0,0,2,1,E01025031,201201YR90207,1,2,2,1,25,5,3,0,0,1,0,0,9,1,Fylde
2015-01-27,2015051500296,337417.0,402376.0,-2.945246,53.514319,5,3,2,2,3,17:30,93,E08000014,3,5147,6,30,3,4,6,0,0,1,4,1,2,0,0,1,1,E01007072,201201ZD30812,1,1,3,2,43,7,2,5,1,0,0,2,0,1,
2015-01-27,2015051500294,340929.0,387583.0,-2.889508,53.381776,5,2,2,1,3,07:50,91,E08000012,6,0,6,40,3,4,3,562,0,0,5,1,2,0,0,1,1,E01006532,201201ZD30810,1,1,3,1,53,8,3,9,9,0,0,2,0,1,Liverpool
2015-01-27,201506X096762,390840.0,396650.0,-2.139447,53.466509,6,3,2,2,3,17:00,110,E08000008,1,60,3,70,0,-1,-1,0,0,0,4,1,1,0,0,1,1,E01005961,201204DF12121,1,3,2,1,31,6,2,0,0,2,0,0,9,1,Tameside
2015-01-27,201550JO2Q001,270086.0,87559.0,-3.839913,50.673156,50,3,2,2,3,23:20,589,E10000008,6,0,6,30,3,4,6,0,0,0,4,1,2,0,0,2,1,E01020318,2012370310912,1,1,1,1,23,5,2,0,0,0,0,0,9,1,West Devon
2015-01-27,201501EO40071,530050.0,184350.0,-0.12603,51.543071,1,3,2,1,3,07:30,2,E09000007,3,5200,6,30,3,4,6,0,0,0,1,1,1,0,0,1,1,E01000864,201201CW10096,1,1,1,1,25,5,3,0,0,0,0,0,3,1,London
2015-01-27,201501EO40077,531640.0,186640.0,-0.102259,51.563282,1,3,2,1,3,11:30,3,E09000019,3,1201,6,30,6,2,6,0,0,5,1,1,1,0,0,1,1,E01002747,201201CW10101,1,1,1,2,35,6,3,0,0,0,0,0,3,1,London
2015-01-27,201522C500469,377600.0,245570.0,-2.328483,52.108,22,2,2,1,3,10:22,273,E10000034,6,0,6,30,3,4,6,0,0,0,1,1,2,0,0,1,1,E01032209,2012130255527,1,1,1,1,46,8,3,0,0,0,0,0,9,1,Malvern Hills
2015-01-27,201504SC15021,351650.0,416980.0,-2.732897,53.647078,4,3,2,1,3,16:45,73,E10000017,6,0,6,30,6,4,6,0,0,0,7,4,2,0,0,2,1,E01024965,201201YE80729,1,1,2,2,23,5,3,0,0,1,0,0,9,1,Chorley
2015-01-27,2015075024800,366382.0,386843.0,-2.506804,53.377363,7,3,3,1,3,08:55,128,E06000007,1,6,3,70,0,-1,-1,0,0,0,6,1,2,0,0,2,2,E01012515,201204DL12107,1,1,1,1,51,8,3,0,0,0,0,0,19,1,
2015-01-27,2015540870415,384985.0,144529.0,-2.216281,51.199776,54,3,2,1,3,17:00,635,E06000054,3,36,1,30,1,4,5,362,0,0,4,1,1,0,0,2,2,E01032110,20124100D0712,2,2,2,2,39,7,3,0,0,1,0,0,9,1,
2015-01-27,201501JC30057,538700.0,188860.0,0.000405,51.58154,1,3,2,1,3,19:49,13,E09000031,3,104,6,30,3,4,4,160,0,1,4,1,1,0,0,1,2,E01004363,201201FH10332,1,1,3,2,15,3,3,5,3,0,0,2,0,1,London
2015-01-27,2015520501105,321828.0,126050.0,-3.116083,51.02848,52,2,1,1,3,10:25,608,E10000027,3,358,6,30,0,-1,-1,0,0,0,1,1,1,0,0,1,1,E01029276,2012370471512,2,1,1,1,23,5,3,0,0,0,0,0,1,1,Somerset West and Taunton
2015-01-27,2015540868115,383332.0,160913.0,-2.240708,51.34705,54,3,1,1,3,15:57,635,E06000054,4,3107,6,30,0,-1,-1,0,0,0,1,1,1,0,0,2,2,E01032050,20124100D0711,1,1,1,1,85,11,3,0,0,0,0,0,9,1,
2015-01-27,201504ED15035,368590.0,428380.0,-2.477806,53.750834,4,3,1,1,3,19:40,70,E06000008,3,6078,3,30,6,2,6,0,0,5,4,2,2,0,0,1,1,E01012643,201201XD80662,2,1,1,1,21,5,3,0,0,0,0,0,3,1,
2015-01-27,2015540850315,390231.0,162860.0,-2.141706,51.364719,54,3,1,3,3,10:59,635,E06000054,3,350,1,60,1,4,5,395,0,0,1,1,1,0,0,1,1,E01032070,20124100D0708,1,2,2,1,35,6,3,0,0,1,0,0,9,1,
2015-01-27,2015555997776,409509.0,91930.0,-1.866643,50.726914,55,3,2,1,3,12:00,640,E06000028,3,338,3,40,1,4,3,338,0,0,1,1,1,0,0,1,1,E01015287,201242I040302,3,2,2,1,48,8,3,0,0,1,0,0,9,1,
2015-01-27,2015520501072,355146.0,114612.0,-2.639608,50.929205,52,3,3,1,3,08:08,610,E10000027,3,37,6,60,6,4,6,0,0,0,1,1,2,0,0,1,1,E01029243,2012370469012,1,1,1,2,34,6,3,0,0,0,0,0,9,1,South Somerset
2015-01-27,201501KF60116,540880.0,182730.0,0.029393,51.525917,1,3,1,1,3,18:25,17,E09000025,3,124,6,30,6,2,3,112,0,5,4,1,1,0,0,1,1,E01003601,201201HT20786,1,2,2,2,-1,-1,3,0,0,1,0,0,9,-1,London
2015-01-27,2015520500903,307708.0,140941.0,-3.321188,51.160249,52,3,2,1,3,18:10,609,E10000027,3,39,6,30,0,-1,-1,0,0,0,4,2,1,0,0,2,2,E01029343,2012370464812,2,1,1,2,50,8,3,0,0,0,0,0,9,3,Somerset West and Taunton
2015-01-27,2015520500750,321141.0,117823.0,-3.124089,50.954421,52,3,2,2,3,11:35,608,E10000027,6,0,6,60,0,-1,-1,0,0,0,1,1,2,0,0,2,1,E01029261,2012370463812,2,2,1,1,59,9,3,0,0,0,0,0,21,3,Somerset West and Taunton
2015-01-27,201550KU2J001,302020.0,105069.0,-3.392812,50.836828,50,1,2,1,3,12:10,586,E10000008,1,5,3,70,0,-1,-1,0,0,0,1,1,1,4,0,2,1,E01020056,2012370449512,2,3,2,2,82,11,3,0,0,1,0,0,9,2,Mid Devon
2015-01-27,201506P096781,389660.0,411560.0,-2.15772,53.600503,6,2,1,1,3,19:00,106,E08000005,3,664,3,30,3,4,6,0,0,4,7,9,1,0,0,1,1,E01005464,201204CL12158,2,1,1,2,24,5,3,0,0,0,0,0,9,1,
2015-01-27,201501EO40124,532720.0,184760.0,-0.087396,51.546135,1,3,2,1,3,13:41,3,E09000019,3,104,6,30,3,4,6,0,0,0,1,1,1,0,0,1,1,E01002716,201201CW10146,1,2,2,2,47,8,3,0,0,1,0,0,8,-1,London
2015-01-27,201550BS2D001,239828.0,62254.0,-4.256912,50.438223,50,2,1,1,3,11:30,596,E06000052,3,388,6,60,0,-1,-1,0,0,0,1,1,1,0,0,2,1,E01018764,2012360066690,2,1,2,2,69,10,2,0,0,1,0,0,9,1,
2015-01-27,201514B008815,445354.0,406171.0,-1.31694,53.55022,14,2,1,1,3,19:00,210,E08000016,6,0,6,30,3,4,6,0,0,0,4,1,1,0,0,1,1,E01007378,2012070171638,1,1,1,1,28,6,3,0,0,0,0,0,1,1,
2015-01-27,2015160C00541,507425.0,434450.0,-0.370618,53.795279,16,3,1,1,3,13:35,231,E06000011,3,1079,6,40,1,4,3,1174,0,0,1,1,1,0,0,2,1,E01012953,2012100177312,2,1,1,1,22,5,3,0,0,0,0,0,9,1,
2015-01-27,201514B008715,436055.0,411375.0,-1.456684,53.597712,14,3,2,1,3,17:30,210,E08000016,4,6428,6,30,3,4,6,0,0,0,4,1,1,0,0,1,1,E01007434,2012070171460,2,2,1,1,47,8,3,0,0,0,0,0,9,2,
2015-01-27,201514B008415,433842.0,403272.0,-1.490995,53.525029,14,3,2,1,3,08:15,210,E08000016,1,1,3,70,0,-1,-1,0,0,0,1,1,1,0,0,2,1,E01007459,2012070171406,2,1,1,1,58,9,3,0,0,0,0,0,9,2,
2015-01-27,2015160D00631,513838.0,430215.0,-0.274868,53.75587,16,3,2,1,3,13:40,228,E06000010,6,0,6,30,0,-1,-1,0,0,0,1,1,1,0,0,1,1,E01012897,2012100305312,2,2,2,2,25,5,3,0,0,1,0,0,9,-1,Hull
2015-01-27,201501HT20184,535630.0,182140.0,-0.046464,51.5219,1,3,1,1,3,17:00,5,E09000030,4,120,6,30,3,2,3,11,0,5,1,1,1,0,0,1,1,E01004207,201201EO40091,1,1,3,2,12,3,3,5,1,0,0,2,0,1,London
2015-01-27,201520T005425,411480.0,285150.0,-1.832456,52.464174,20,2,1,1,3,17:06,300,E08000025,6,0,6,30,0,-1,-1,0,0,0,4,1,1,0,0,1,1,E01008884,2012120120987,1,2,2,2,20,4,2,0,0,1,0,0,9,1,Birmingham
2015-01-27,201514K024415,435680.0,395310.0,-1.464174,53.453346,14,3,1,1,3,16:30,215,E08000019,3,6135,6,30,0,-1,-1,0,0,4,1,1,1,0,0,1,1,E01007891,2012070294838,1,1,1,1,17,4,3,0,0,0,0,0,9,1,Sheffield
2015-01-27,2015160D01001,504549.0,426618.0,-0.41691,53.725497,16,3,2,1,3,16:00,228,E06000010,6,0,1,30,1,4,6,0,0,0,1,1,1,0,0,1,1,E01012882,2012100310712,2,1,1,1,49,8,3,0,0,0,0,0,9,1,Hull
2015-01-27,2015530209248,381131.0,213853.0,-2.275173,51.822976,53,3,2,1,3,15:25,623,E10000013,3,38,3,70,3,2,6,2670,0,0,1,1,1,0,0,1,1,E01032933,20124100B0507,1,1,1,1,10,2,3,0,0,0,0,0,1,1,Gloucester
2015-01-27,201504WA15039,331440.0,433980.0,-3.042351,53.797588,4,3,2,1,3,16:40,71,E06000009,3,5099,6,30,3,4,6,0,0,0,4,1,2,0,0,1,1,E01012745,201201YR90214,1,1,1,1,21,5,3,0,0,0,0,0,3,1,
2015-01-27,2015030000238,297560.0,517970.0,-3.585137,54.546582,3,3,3,1,3,15:10,63,E10000006,3,5094,6,30,6,4,6,0,0,4,1,1,1,0,0,1,1,E01019281,201201WW50583,2,1,1,1,35,6,3,0,0,0,0,0,1,1,Copeland
2015-01-27,2015160B00271,493193.0,412082.0,-0.593319,53.597034,16,3,1,1,3,16:05,232,E06000013,6,0,6,30,0,-1,-1,0,0,0,1,1,2,0,0,2,2,E01013274,2012100092812,2,1,1,1,44,7,3,0,0,0,0,0,9,1,
2015-01-27,201520G001685,391220.0,302160.0,-2.131115,52.617137,20,3,2,1,3,20:10,309,E08000031,3,449,3,40,3,2,6,0,0,0,4,9,1,0,0,1,2,E01010502,201211ND18992,2,4,2,1,34,6,3,0,0,1,0,0,9,1,Wolverhampton
2015-01-27,2015555999846,418392.0,93690.0,-1.740705,50.74253,55,3,2,1,3,17:05,641,E10000009,3,337,1,40,1,4,3,35,0,0,1,1,1,0,0,1,2,E01020372,201242I080403,1,1,3,2,53,8,3,1,1,0,0,2,0,1,
2015-01-27,2015471500580,531600.0,103887.0,-0.133136,50.819583,47,3,3,1,3,10:23,565,E06000043,3,259,6,30,3,4,6,0,0,0,1,1,1,0,0,1,1,E01016941,201234WN17042,1,1,1,1,61,9,2,0,0,0,0,0,9,1,Brighton
2015-01-27,2015555997772,411265.0,91503.0,-1.841778,50.723043,55,3,2,1,3,09:10,640,E06000028,5,309,6,30,8,4,6,0,0,0,1,1,1,0,0,1,1,E01033283,201242I040302,3,1,1,2,31,6,3,0,0,0,0,0,9,1,